date,days,wind_speed,precipitation,temp_mean,temp_min,temp_max,city,year,month
2000-01-01,1,2.5,0.27,2.9,0.9,3.6,MALMO,2000,1
2000-01-02,2,3.8,0.0,3.7,1.0,5.4,MALMO,2000,1
2000-01-03,3,4.3,0.06,5.6,4.0,6.9,MALMO,2000,1
2000-01-04,4,3.9,0.75,4.5,3.0,6.4,MALMO,2000,1
2000-01-05,5,3.2,0.03,3.8,2.5,5.5,MALMO,2000,1
2000-01-06,6,4.6,0.17,4.1,2.5,5.4,MALMO,2000,1
2000-01-07,7,3.2,0.0,3.8,1.6,6.2,MALMO,2000,1
2000-01-08,8,4.3,0.0,4.7,4.2,5.4,MALMO,2000,1
2000-01-09,9,2.9,0.0,2.9,1.9,5.0,MALMO,2000,1
2000-01-10,10,3.0,0.0,2.5,1.6,4.9,MALMO,2000,1
2000-01-11,11,4.8,0.07,2.8,1.2,3.3,MALMO,2000,1
2000-01-12,12,5.1,0.0,3.2,2.8,3.9,MALMO,2000,1
2000-01-13,13,2.8,0.0,1.4,0.6,3.1,MALMO,2000,1
2000-01-14,14,0.6,0.0,-0.4,-0.7,0.7,MALMO,2000,1
2000-01-15,15,1.8,0.0,0.8,-0.7,2.5,MALMO,2000,1
2000-01-16,16,3.3,0.0,3.7,-1.0,6.1,MALMO,2000,1
2000-01-17,17,6.5,0.0,7.0,5.5,9.0,MALMO,2000,1
2000-01-18,18,6.4,0.0,4.3,3.5,7.1,MALMO,2000,1
2000-01-19,19,4.2,0.0,1.6,0.1,4.0,MALMO,2000,1
2000-01-20,20,4.6,0.26,3.8,0.2,5.7,MALMO,2000,1
2000-01-21,21,3.5,0.0,-2.4,-5.1,4.8,MALMO,2000,1
2000-01-22,22,1.8,0.03,-5.7,-8.2,-2.0,MALMO,2000,1
2000-01-23,23,1.0,0.0,-6.6,-10.7,-1.6,MALMO,2000,1
2000-01-24,24,1.3,0.0,-7.4,-15.2,-1.3,MALMO,2000,1
2000-01-25,25,3.1,0.0,0.9,-2.8,2.3,MALMO,2000,1
2000-01-26,26,4.8,0.0,2.9,0.2,5.0,MALMO,2000,1
2000-01-27,27,5.8,0.06,4.3,3.8,5.0,MALMO,2000,1
2000-01-28,28,5.6,0.4,3.7,3.2,4.4,MALMO,2000,1
2000-01-29,29,7.8,0.5,4.5,2.6,6.8,MALMO,2000,1
2000-01-30,30,9.0,0.6,3.8,2.3,5.5,MALMO,2000,1
2000-01-31,31,6.6,0.06,4.3,-0.1,7.3,MALMO,2000,1
2000-02-01,32,4.6,0.23,4.6,1.5,6.2,MALMO,2000,2
2000-02-02,33,6.3,0.09,4.0,2.7,6.0,MALMO,2000,2
2000-02-03,34,6.5,0.0,2.3,0.6,4.4,MALMO,2000,2
2000-02-04,35,5.6,0.13,4.4,-0.8,6.7,MALMO,2000,2
2000-02-05,36,5.3,0.0,7.8,6.5,9.2,MALMO,2000,2
2000-02-06,37,3.6,0.17,5.7,4.9,7.1,MALMO,2000,2
2000-02-07,38,5.3,0.17,5.8,4.8,7.3,MALMO,2000,2
2000-02-08,39,5.1,0.41,5.5,4.5,6.3,MALMO,2000,2
2000-02-09,40,5.6,0.02,3.9,3.4,5.3,MALMO,2000,2
2000-02-10,41,5.0,0.26,4.4,1.3,6.3,MALMO,2000,2
2000-02-11,42,4.5,0.0,4.5,3.1,5.9,MALMO,2000,2
2000-02-12,43,5.3,0.24,4.3,3.2,5.5,MALMO,2000,2
2000-02-13,44,5.7,0.0,2.8,1.3,5.1,MALMO,2000,2
2000-02-14,45,5.2,0.3,1.7,-0.1,4.1,MALMO,2000,2
2000-02-15,46,3.7,0.05,3.5,-0.5,6.8,MALMO,2000,2
2000-02-16,47,2.4,0.24,2.6,1.7,4.1,MALMO,2000,2
2000-02-17,48,2.2,0.0,1.3,0.5,3.3,MALMO,2000,2
2000-02-18,49,3.2,0.0,0.3,-1.8,1.6,MALMO,2000,2
2000-02-19,50,3.5,0.0,1.7,1.0,2.4,MALMO,2000,2
2000-02-20,51,1.2,0.0,1.0,-0.9,3.6,MALMO,2000,2
2000-02-21,52,0.9,0.0,-1.6,-5.8,3.8,MALMO,2000,2
2000-02-22,53,1.2,0.0,-1.5,-4.6,2.0,MALMO,2000,2
2000-02-23,54,1.5,0.0,-0.9,-4.5,3.5,MALMO,2000,2
2000-02-24,55,4.5,0.43,3.0,-0.8,6.1,MALMO,2000,2
2000-02-25,56,5.1,0.0,4.0,2.0,6.5,MALMO,2000,2
2000-02-26,57,3.5,0.0,4.2,2.0,6.7,MALMO,2000,2
2000-02-27,58,4.5,0.0,3.3,0.0,6.3,MALMO,2000,2
2000-02-28,59,5.6,0.0,6.8,4.9,9.7,MALMO,2000,2
2000-02-29,60,5.1,0.26,4.9,3.6,6.4,MALMO,2000,2
2000-03-01,61,6.4,0.07,5.3,3.5,7.4,MALMO,2000,3
2000-03-02,62,6.3,0.56,3.5,2.2,6.0,MALMO,2000,3
2000-03-03,63,8.4,0.16,5.0,2.3,7.1,MALMO,2000,3
2000-03-04,64,6.2,0.05,1.7,-1.1,4.8,MALMO,2000,3
2000-03-05,65,4.9,0.07,1.3,0.1,3.2,MALMO,2000,3
2000-03-06,66,6.8,0.42,4.0,0.3,6.1,MALMO,2000,3
2000-03-07,67,3.8,1.33,4.9,3.0,7.4,MALMO,2000,3
2000-03-08,68,4.8,0.36,5.5,2.6,8.6,MALMO,2000,3
2000-03-09,69,5.8,0.0,3.9,2.2,7.6,MALMO,2000,3
2000-03-10,70,3.5,0.23,2.3,0.3,4.3,MALMO,2000,3
2000-03-11,71,3.6,1.1,0.7,0.1,2.1,MALMO,2000,3
2000-03-12,72,1.5,0.11,0.7,-3.8,3.3,MALMO,2000,3
2000-03-13,73,3.4,0.05,4.7,1.6,7.1,MALMO,2000,3
2000-03-14,74,4.6,0.2,5.2,4.2,7.1,MALMO,2000,3
2000-03-15,75,5.4,0.0,3.5,2.4,5.3,MALMO,2000,3
2000-03-16,76,3.1,0.03,2.9,0.9,5.5,MALMO,2000,3
2000-03-17,77,2.8,0.0,2.4,-0.7,5.8,MALMO,2000,3
2000-03-18,78,1.5,0.0,2.7,-2.4,6.6,MALMO,2000,3
2000-03-19,79,1.9,0.0,4.3,-1.9,9.8,MALMO,2000,3
2000-03-20,80,4.2,0.0,7.6,3.8,11.9,MALMO,2000,3
2000-03-21,81,3.8,0.0,7.6,4.2,13.1,MALMO,2000,3
2000-03-22,82,2.6,0.0,5.8,4.7,8.5,MALMO,2000,3
2000-03-23,83,2.8,0.0,4.7,3.1,7.6,MALMO,2000,3
2000-03-24,84,2.2,0.0,2.1,-4.1,7.5,MALMO,2000,3
2000-03-25,85,3.1,0.13,3.2,-0.1,4.1,MALMO,2000,3
2000-03-26,86,3.7,0.1,4.0,3.3,4.8,MALMO,2000,3
2000-03-27,87,4.6,0.79,2.8,1.1,5.3,MALMO,2000,3
2000-03-28,88,6.1,0.05,2.4,-0.3,5.6,MALMO,2000,3
2000-03-29,89,4.2,0.0,3.1,-1.6,7.8,MALMO,2000,3
2000-03-30,90,3.8,0.0,4.5,1.0,9.5,MALMO,2000,3
2000-03-31,91,1.3,0.0,4.7,-1.2,10.4,MALMO,2000,3
2000-04-01,92,2.5,0.0,5.5,2.9,8.6,MALMO,2000,4
2000-04-02,93,1.4,0.0,5.8,3.1,10.4,MALMO,2000,4
2000-04-03,94,4.3,0.0,5.8,0.2,11.8,MALMO,2000,4
2000-04-04,95,2.5,0.7,7.0,5.9,9.2,MALMO,2000,4
2000-04-05,96,5.8,0.0,3.2,1.9,8.2,MALMO,2000,4
2000-04-06,97,3.6,0.0,5.4,-1.6,10.2,MALMO,2000,4
2000-04-07,98,3.7,0.0,7.4,5.5,10.8,MALMO,2000,4
2000-04-08,99,1.3,0.0,4.1,-2.7,10.3,MALMO,2000,4
2000-04-09,100,1.6,0.0,2.5,-3.5,7.1,MALMO,2000,4
2000-04-10,101,1.7,0.0,5.5,2.8,9.6,MALMO,2000,4
2000-04-11,102,2.8,0.0,6.2,3.1,10.8,MALMO,2000,4
2000-04-12,103,2.5,1.52,5.2,1.2,8.6,MALMO,2000,4
2000-04-13,104,4.4,0.0,6.5,3.7,9.8,MALMO,2000,4
2000-04-14,105,3.3,0.0,6.1,4.7,9.1,MALMO,2000,4
2000-04-15,106,2.5,0.9,6.4,3.2,10.0,MALMO,2000,4
2000-04-16,107,2.5,0.0,8.8,6.6,12.4,MALMO,2000,4
2000-04-17,108,4.0,0.03,9.4,3.7,14.0,MALMO,2000,4
2000-04-18,109,1.6,0.0,9.6,5.5,13.9,MALMO,2000,4
2000-04-19,110,2.5,0.07,10.4,4.0,16.9,MALMO,2000,4
2000-04-20,111,1.1,0.0,10.4,5.8,16.5,MALMO,2000,4
2000-04-21,112,2.2,0.0,11.0,4.3,15.7,MALMO,2000,4
2000-04-22,113,2.7,0.0,12.3,5.1,18.1,MALMO,2000,4
2000-04-23,114,2.7,0.0,14.9,10.8,20.7,MALMO,2000,4
2000-04-24,115,3.0,0.04,13.9,9.5,20.6,MALMO,2000,4
2000-04-25,116,2.7,0.0,11.5,9.1,14.5,MALMO,2000,4
2000-04-26,117,3.8,0.0,10.4,3.4,16.1,MALMO,2000,4
2000-04-27,118,4.2,0.0,15.3,8.3,21.5,MALMO,2000,4
2000-04-28,119,4.9,0.0,17.5,11.6,23.4,MALMO,2000,4
2000-04-29,120,4.8,0.0,20.4,15.2,25.2,MALMO,2000,4
2000-04-30,121,1.9,0.0,20.2,14.2,26.1,MALMO,2000,4
2000-05-01,122,5.0,0.0,14.2,10.6,20.7,MALMO,2000,5
2000-05-02,123,4.7,0.0,11.6,7.5,16.5,MALMO,2000,5
2000-05-03,124,1.9,0.0,12.3,4.6,18.1,MALMO,2000,5
2000-05-04,125,1.4,0.0,12.7,6.2,19.2,MALMO,2000,5
2000-05-05,126,1.1,0.0,11.1,4.2,17.0,MALMO,2000,5
2000-05-06,127,2.7,0.0,12.4,3.7,21.0,MALMO,2000,5
2000-05-07,128,2.4,0.0,11.1,4.2,17.2,MALMO,2000,5
2000-05-08,129,1.8,0.0,13.3,1.4,22.1,MALMO,2000,5
2000-05-09,130,2.6,0.0,14.3,5.4,21.5,MALMO,2000,5
2000-05-10,131,1.7,0.0,14.9,5.6,22.5,MALMO,2000,5
2000-05-11,132,2.3,0.0,14.6,7.9,21.0,MALMO,2000,5
2000-05-12,133,1.5,0.0,10.4,3.6,16.5,MALMO,2000,5
2000-05-13,134,2.3,0.0,13.4,5.4,19.7,MALMO,2000,5
2000-05-14,135,1.0,0.0,16.6,5.9,23.2,MALMO,2000,5
2000-05-15,136,1.7,0.0,18.4,8.6,25.5,MALMO,2000,5
2000-05-16,137,2.5,0.0,18.5,8.3,25.5,MALMO,2000,5
2000-05-17,138,3.4,1.8,18.4,13.6,26.2,MALMO,2000,5
2000-05-18,139,2.4,0.0,12.9,9.1,16.2,MALMO,2000,5
2000-05-19,140,2.2,0.0,12.8,10.5,15.8,MALMO,2000,5
2000-05-20,141,1.0,0.13,11.9,6.1,17.1,MALMO,2000,5
2000-05-21,142,1.7,0.06,12.7,7.7,17.5,MALMO,2000,5
2000-05-22,143,1.2,0.0,12.9,8.1,16.8,MALMO,2000,5
2000-05-23,144,3.0,0.11,13.0,7.6,16.7,MALMO,2000,5
2000-05-24,145,3.0,0.95,13.9,12.3,16.6,MALMO,2000,5
2000-05-25,146,4.5,0.21,13.0,9.8,16.1,MALMO,2000,5
2000-05-26,147,4.4,0.0,12.9,9.4,16.6,MALMO,2000,5
2000-05-27,148,4.5,0.28,13.4,9.1,17.4,MALMO,2000,5
2000-05-28,149,4.7,0.01,12.7,9.1,16.8,MALMO,2000,5
2000-05-29,150,6.4,0.02,10.7,9.0,15.2,MALMO,2000,5
2000-05-30,151,3.9,0.0,11.1,8.8,14.1,MALMO,2000,5
2000-05-31,152,2.8,0.0,11.4,6.9,15.7,MALMO,2000,5
2000-06-01,153,2.3,0.4,12.3,5.8,18.0,MALMO,2000,6
2000-06-02,154,4.6,0.0,15.1,12.8,18.0,MALMO,2000,6
2000-06-03,155,2.6,0.0,13.0,9.8,16.6,MALMO,2000,6
2000-06-04,156,1.4,0.05,10.0,5.4,14.7,MALMO,2000,6
2000-06-05,157,2.6,0.2,11.8,4.6,16.9,MALMO,2000,6
2000-06-06,158,3.0,0.84,9.3,7.4,14.0,MALMO,2000,6
2000-06-07,159,5.0,0.21,10.7,7.2,14.0,MALMO,2000,6
2000-06-08,160,4.4,0.0,13.4,9.4,17.3,MALMO,2000,6
2000-06-09,161,2.8,0.0,14.3,6.9,19.3,MALMO,2000,6
2000-06-10,162,4.3,0.0,18.9,12.6,24.7,MALMO,2000,6
2000-06-11,163,2.6,0.0,16.8,14.6,21.9,MALMO,2000,6
2000-06-12,164,4.8,0.0,15.3,12.2,18.4,MALMO,2000,6
2000-06-13,165,4.6,0.0,17.4,13.5,22.6,MALMO,2000,6
2000-06-14,166,3.5,0.0,14.8,12.3,17.9,MALMO,2000,6
2000-06-15,167,5.0,0.0,13.8,11.2,17.7,MALMO,2000,6
2000-06-16,168,5.6,0.0,13.2,10.1,16.6,MALMO,2000,6
2000-06-17,169,3.0,0.0,15.9,11.0,20.4,MALMO,2000,6
2000-06-18,170,2.1,0.0,14.3,12.6,18.0,MALMO,2000,6
2000-06-19,171,1.8,0.0,18.0,9.5,24.1,MALMO,2000,6
2000-06-20,172,1.8,0.0,24.7,16.8,30.7,MALMO,2000,6
2000-06-21,173,2.8,0.81,24.3,16.9,30.1,MALMO,2000,6
2000-06-22,174,1.9,0.05,18.5,15.7,26.8,MALMO,2000,6
2000-06-23,175,3.0,0.04,17.3,14.7,20.8,MALMO,2000,6
2000-06-24,176,1.8,0.37,15.0,13.4,17.5,MALMO,2000,6
2000-06-25,177,2.6,0.73,14.3,11.3,18.4,MALMO,2000,6
2000-06-26,178,5.8,0.09,13.0,12.1,15.0,MALMO,2000,6
2000-06-27,179,6.3,0.0,13.4,10.7,16.4,MALMO,2000,6
2000-06-28,180,2.0,0.0,13.0,10.0,16.5,MALMO,2000,6
2000-06-29,181,2.2,0.04,13.5,8.8,17.2,MALMO,2000,6
2000-06-30,182,5.6,0.49,12.6,12.0,15.2,MALMO,2000,6
2000-07-01,183,2.4,0.0,14.3,11.6,17.5,MALMO,2000,7
2000-07-02,184,1.2,0.0,15.5,7.6,20.6,MALMO,2000,7
2000-07-03,185,1.1,0.0,16.9,8.1,22.7,MALMO,2000,7
2000-07-04,186,1.4,0.0,17.0,9.5,22.9,MALMO,2000,7
2000-07-05,187,2.6,0.0,16.5,14.2,19.3,MALMO,2000,7
2000-07-06,188,3.9,0.0,16.0,14.6,19.0,MALMO,2000,7
2000-07-07,189,4.4,0.0,13.4,12.1,15.5,MALMO,2000,7
2000-07-08,190,3.5,0.0,14.5,11.2,18.1,MALMO,2000,7
2000-07-09,191,2.8,0.0,13.7,11.5,16.8,MALMO,2000,7
2000-07-10,192,3.4,1.7,14.2,11.4,17.0,MALMO,2000,7
2000-07-11,193,2.5,0.0,16.1,11.2,20.1,MALMO,2000,7
2000-07-12,194,3.7,0.0,16.0,12.4,20.6,MALMO,2000,7
2000-07-13,195,4.9,0.0,14.1,11.7,16.7,MALMO,2000,7
2000-07-14,196,1.6,0.0,15.5,12.6,19.6,MALMO,2000,7
2000-07-15,197,2.2,0.0,15.7,9.3,21.1,MALMO,2000,7
2000-07-16,198,1.9,0.0,17.8,12.7,22.1,MALMO,2000,7
2000-07-17,199,2.6,0.0,16.4,10.0,21.6,MALMO,2000,7
2000-07-18,200,4.3,0.0,14.8,13.4,17.8,MALMO,2000,7
2000-07-19,201,3.7,0.0,14.4,12.1,17.8,MALMO,2000,7
2000-07-20,202,4.0,0.0,16.2,13.4,19.6,MALMO,2000,7
2000-07-21,203,3.1,0.99,16.9,15.7,20.8,MALMO,2000,7
2000-07-22,204,1.6,0.09,16.4,12.8,21.1,MALMO,2000,7
2000-07-23,205,0.9,0.0,16.0,12.6,21.6,MALMO,2000,7
2000-07-24,206,1.2,0.0,17.2,12.3,24.2,MALMO,2000,7
2000-07-25,207,1.5,0.0,16.0,13.0,19.3,MALMO,2000,7
2000-07-26,208,1.4,0.0,18.1,12.8,23.5,MALMO,2000,7
2000-07-27,209,2.1,0.0,16.9,12.1,20.5,MALMO,2000,7
2000-07-28,210,0.9,0.0,17.3,14.6,21.5,MALMO,2000,7
2000-07-29,211,1.1,0.0,17.3,14.4,21.0,MALMO,2000,7
2000-07-30,212,2.7,0.0,16.4,11.8,21.9,MALMO,2000,7
2000-07-31,213,3.2,0.0,15.8,13.9,18.3,MALMO,2000,7
2000-08-01,214,1.9,0.28,16.2,13.3,20.2,MALMO,2000,8
2000-08-02,215,1.4,0.37,17.7,13.9,21.2,MALMO,2000,8
2000-08-03,216,2.2,0.0,17.2,14.0,21.4,MALMO,2000,8
2000-08-04,217,1.5,0.0,16.1,10.8,21.9,MALMO,2000,8
2000-08-05,218,2.7,0.0,15.6,12.1,18.1,MALMO,2000,8
2000-08-06,219,3.7,0.05,17.3,13.8,20.6,MALMO,2000,8
2000-08-07,220,5.5,0.0,15.0,12.7,18.5,MALMO,2000,8
2000-08-08,221,4.1,0.0,14.8,12.4,18.2,MALMO,2000,8
2000-08-09,222,2.8,0.0,16.2,12.2,20.5,MALMO,2000,8
2000-08-10,223,1.8,0.14,14.7,8.9,19.3,MALMO,2000,8
2000-08-11,224,2.7,0.45,16.4,15.1,18.7,MALMO,2000,8
2000-08-12,225,2.0,0.0,15.7,13.5,19.1,MALMO,2000,8
2000-08-13,226,0.6,0.0,15.7,7.9,22.0,MALMO,2000,8
2000-08-14,227,2.4,0.0,16.7,9.2,23.6,MALMO,2000,8
2000-08-15,228,2.6,0.0,19.5,16.3,23.2,MALMO,2000,8
2000-08-16,229,2.3,0.0,17.4,14.4,21.5,MALMO,2000,8
2000-08-17,230,1.6,0.0,17.5,14.5,21.8,MALMO,2000,8
2000-08-18,231,2.1,0.0,17.7,13.3,22.2,MALMO,2000,8
2000-08-19,232,1.4,0.05,16.1,13.2,18.4,MALMO,2000,8
2000-08-20,233,1.8,0.8,17.1,13.3,21.0,MALMO,2000,8
2000-08-21,234,1.2,0.24,14.3,9.9,19.0,MALMO,2000,8
2000-08-22,235,3.6,0.0,15.2,10.3,19.5,MALMO,2000,8
2000-08-23,236,3.8,0.0,15.4,11.8,19.2,MALMO,2000,8
2000-08-24,237,4.6,0.3,14.1,12.5,16.5,MALMO,2000,8
2000-08-25,238,2.5,0.0,15.8,10.8,20.4,MALMO,2000,8
2000-08-26,239,2.5,0.0,14.5,6.8,21.6,MALMO,2000,8
2000-08-27,240,5.4,0.0,17.1,13.3,20.9,MALMO,2000,8
2000-08-28,241,3.5,0.27,17.5,14.8,20.9,MALMO,2000,8
2000-08-29,242,1.6,0.25,16.6,14.3,20.4,MALMO,2000,8
2000-08-30,243,1.4,0.0,15.1,12.2,19.3,MALMO,2000,8
2000-08-31,244,1.5,0.0,14.4,11.7,18.0,MALMO,2000,8
2000-09-01,245,1.6,1.85,14.1,8.2,18.4,MALMO,2000,9
2000-09-02,246,2.0,3.0,13.9,13.0,14.9,MALMO,2000,9
2000-09-03,247,3.0,0.06,14.1,12.3,18.5,MALMO,2000,9
2000-09-04,248,3.1,0.0,12.3,8.6,16.4,MALMO,2000,9
2000-09-05,249,0.9,0.0,11.7,4.2,17.0,MALMO,2000,9
2000-09-06,250,2.8,0.3,13.7,8.6,16.5,MALMO,2000,9
2000-09-07,251,3.2,0.03,14.7,13.0,17.3,MALMO,2000,9
2000-09-08,252,3.2,0.0,14.2,12.6,16.9,MALMO,2000,9
2000-09-09,253,3.3,0.0,16.7,14.0,20.1,MALMO,2000,9
2000-09-10,254,2.8,0.0,15.3,12.4,18.6,MALMO,2000,9
2000-09-11,255,2.4,0.0,13.6,10.4,17.1,MALMO,2000,9
2000-09-12,256,2.5,1.71,10.6,8.0,13.4,MALMO,2000,9
2000-09-13,257,4.0,0.0,12.9,10.9,14.4,MALMO,2000,9
2000-09-14,258,3.4,0.0,13.1,11.5,15.9,MALMO,2000,9
2000-09-15,259,4.4,0.0,13.3,10.3,16.4,MALMO,2000,9
2000-09-16,260,5.5,0.0,14.4,11.7,17.7,MALMO,2000,9
2000-09-17,261,4.4,0.0,12.4,8.2,16.6,MALMO,2000,9
2000-09-18,262,4.2,0.0,11.2,7.9,15.0,MALMO,2000,9
2000-09-19,263,4.2,0.0,11.5,4.3,15.1,MALMO,2000,9
2000-09-20,264,4.4,0.0,12.3,9.9,16.0,MALMO,2000,9
2000-09-21,265,3.6,0.0,12.5,7.3,16.5,MALMO,2000,9
2000-09-22,266,2.7,0.0,11.5,5.3,17.5,MALMO,2000,9
2000-09-23,267,2.2,0.0,11.0,6.5,16.7,MALMO,2000,9
2000-09-24,268,2.7,0.0,9.5,3.6,15.6,MALMO,2000,9
2000-09-25,269,2.6,0.0,9.4,4.1,15.1,MALMO,2000,9
2000-09-26,270,2.1,0.0,11.6,8.1,15.5,MALMO,2000,9
2000-09-27,271,3.3,0.67,14.8,11.2,17.8,MALMO,2000,9
2000-09-28,272,2.7,0.0,14.8,13.0,16.5,MALMO,2000,9
2000-09-29,273,2.9,0.0,16.2,13.9,20.4,MALMO,2000,9
2000-09-30,274,4.6,0.02,14.7,12.3,18.8,MALMO,2000,9
2000-10-01,275,3.2,0.0,12.8,9.8,16.9,MALMO,2000,10
2000-10-02,276,2.8,0.07,14.3,11.8,15.4,MALMO,2000,10
2000-10-03,277,1.9,0.0,13.3,11.3,17.3,MALMO,2000,10
2000-10-04,278,1.6,0.0,12.9,7.5,17.6,MALMO,2000,10
2000-10-05,279,1.2,0.0,13.7,11.2,17.1,MALMO,2000,10
2000-10-06,280,0.9,0.14,12.5,10.8,14.4,MALMO,2000,10
2000-10-07,281,0.8,0.04,11.4,8.6,13.5,MALMO,2000,10
2000-10-08,282,1.1,0.25,10.3,9.6,12.6,MALMO,2000,10
2000-10-09,283,1.6,0.59,9.5,7.5,10.3,MALMO,2000,10
2000-10-10,284,4.4,0.24,10.6,9.1,11.6,MALMO,2000,10
2000-10-11,285,4.5,0.68,11.1,8.4,12.9,MALMO,2000,10
2000-10-12,286,1.9,0.0,11.5,9.6,14.6,MALMO,2000,10
2000-10-13,287,0.5,0.0,10.7,6.1,13.5,MALMO,2000,10
2000-10-14,288,0.7,0.0,9.9,7.1,14.8,MALMO,2000,10
2000-10-15,289,3.2,0.0,10.1,4.5,15.3,MALMO,2000,10
2000-10-16,290,5.0,0.0,13.4,11.2,15.7,MALMO,2000,10
2000-10-17,291,0.9,0.0,11.9,9.3,16.3,MALMO,2000,10
2000-10-18,292,1.1,0.0,10.3,6.1,13.4,MALMO,2000,10
2000-10-19,293,2.6,0.0,11.3,6.1,13.0,MALMO,2000,10
2000-10-20,294,2.4,0.11,11.4,10.9,12.7,MALMO,2000,10
2000-10-21,295,4.2,0.0,11.7,10.4,13.3,MALMO,2000,10
2000-10-22,296,1.9,0.0,11.8,8.9,15.0,MALMO,2000,10
2000-10-23,297,2.8,0.28,12.5,8.0,15.5,MALMO,2000,10
2000-10-24,298,5.4,0.0,12.0,10.5,13.3,MALMO,2000,10
2000-10-25,299,5.3,0.4,10.9,10.1,11.8,MALMO,2000,10
2000-10-26,300,5.0,0.2,10.3,8.8,12.4,MALMO,2000,10
2000-10-27,301,2.5,0.33,8.9,6.2,11.8,MALMO,2000,10
2000-10-28,302,2.5,0.16,11.1,6.9,13.7,MALMO,2000,10
2000-10-29,303,4.6,0.23,11.1,8.4,13.0,MALMO,2000,10
2000-10-30,304,6.9,0.09,11.1,8.5,12.0,MALMO,2000,10
2000-10-31,305,6.2,0.0,10.1,8.8,13.1,MALMO,2000,10
2000-11-01,306,4.3,0.0,10.0,9.0,10.8,MALMO,2000,11
2000-11-02,307,3.6,0.0,8.1,7.1,10.6,MALMO,2000,11
2000-11-03,308,1.9,0.55,9.4,6.6,11.8,MALMO,2000,11
2000-11-04,309,1.3,0.0,8.0,6.7,11.3,MALMO,2000,11
2000-11-05,310,1.6,0.0,6.4,3.4,7.5,MALMO,2000,11
2000-11-06,311,6.0,0.16,7.2,3.5,9.8,MALMO,2000,11
2000-11-07,312,4.6,0.81,9.5,8.7,10.3,MALMO,2000,11
2000-11-08,313,2.6,0.0,9.0,6.4,10.8,MALMO,2000,11
2000-11-09,314,3.0,0.09,8.8,7.2,10.0,MALMO,2000,11
2000-11-10,315,3.5,0.11,8.4,8.0,9.4,MALMO,2000,11
2000-11-11,316,3.4,0.31,7.9,7.2,9.2,MALMO,2000,11
2000-11-12,317,3.7,0.71,7.8,6.7,8.7,MALMO,2000,11
2000-11-13,318,2.3,0.1,8.0,5.8,10.5,MALMO,2000,11
2000-11-14,319,0.6,0.08,6.7,3.4,9.6,MALMO,2000,11
2000-11-15,320,0.9,0.32,7.0,4.3,8.4,MALMO,2000,11
2000-11-16,321,1.9,0.33,6.7,5.4,8.5,MALMO,2000,11
2000-11-17,322,2.3,0.37,6.6,5.0,8.7,MALMO,2000,11
2000-11-18,323,3.2,0.01,6.0,5.0,6.8,MALMO,2000,11
2000-11-19,324,5.3,0.04,6.8,5.6,7.3,MALMO,2000,11
2000-11-20,325,3.3,0.0,6.3,5.1,7.2,MALMO,2000,11
2000-11-21,326,1.5,0.71,5.9,3.5,8.2,MALMO,2000,11
2000-11-22,327,3.3,0.7,6.6,5.3,7.9,MALMO,2000,11
2000-11-23,328,3.2,0.0,7.5,6.0,8.7,MALMO,2000,11
2000-11-24,329,3.3,0.0,7.5,6.9,8.4,MALMO,2000,11
2000-11-25,330,1.4,0.0,6.6,5.4,7.9,MALMO,2000,11
2000-11-26,331,1.9,0.0,6.7,4.3,7.5,MALMO,2000,11
2000-11-27,332,2.0,0.0,6.9,4.2,8.2,MALMO,2000,11
2000-11-28,333,2.8,0.72,6.8,5.6,7.5,MALMO,2000,11
2000-11-29,334,2.7,0.0,10.0,6.2,12.5,MALMO,2000,11
2000-11-30,335,2.3,0.0,8.5,7.2,10.8,MALMO,2000,11
2000-12-01,336,2.7,0.06,7.2,2.9,9.2,MALMO,2000,12
2000-12-02,337,1.8,0.18,8.7,6.7,10.5,MALMO,2000,12
2000-12-03,338,3.5,0.0,8.4,7.8,9.0,MALMO,2000,12
2000-12-04,339,3.4,0.0,7.1,5.5,9.0,MALMO,2000,12
2000-12-05,340,2.9,0.0,7.8,6.2,8.8,MALMO,2000,12
2000-12-06,341,3.4,0.0,6.8,5.9,7.8,MALMO,2000,12
2000-12-07,342,2.9,0.0,7.1,4.7,8.8,MALMO,2000,12
2000-12-08,343,3.8,0.44,7.4,5.8,8.6,MALMO,2000,12
2000-12-09,344,2.7,0.0,8.2,6.5,9.8,MALMO,2000,12
2000-12-10,345,2.8,0.1,7.7,6.7,8.5,MALMO,2000,12
2000-12-11,346,4.1,0.19,8.6,7.3,9.7,MALMO,2000,12
2000-12-12,347,2.6,0.73,9.8,9.0,10.6,MALMO,2000,12
2000-12-13,348,6.5,1.03,9.8,8.9,11.1,MALMO,2000,12
2000-12-14,349,6.5,0.01,7.2,5.6,9.0,MALMO,2000,12
2000-12-15,350,5.5,0.56,6.2,5.1,7.0,MALMO,2000,12
2000-12-16,351,1.4,0.51,4.8,3.8,6.2,MALMO,2000,12
2000-12-17,352,0.5,0.0,-0.8,-2.4,3.9,MALMO,2000,12
2000-12-18,353,0.5,0.0,-1.2,-3.8,2.0,MALMO,2000,12
2000-12-19,354,1.4,0.0,-0.5,-1.6,1.2,MALMO,2000,12
2000-12-20,355,0.3,0.0,-2.5,-4.8,1.4,MALMO,2000,12
2000-12-21,356,0.3,0.0,-1.7,-4.9,0.1,MALMO,2000,12
2000-12-22,357,1.7,0.0,-0.8,-3.8,0.2,MALMO,2000,12
2000-12-23,358,1.0,0.0,0.8,-1.9,2.8,MALMO,2000,12
2000-12-24,359,1.5,0.0,-1.1,-3.1,2.6,MALMO,2000,12
2000-12-25,360,1.7,0.0,-4.1,-6.4,-1.6,MALMO,2000,12
2000-12-26,361,1.1,0.0,-5.8,-9.0,-2.2,MALMO,2000,12
2000-12-27,362,1.9,0.34,-0.6,-5.0,0.5,MALMO,2000,12
2000-12-28,363,2.0,0.54,1.9,0.5,2.8,MALMO,2000,12
2000-12-29,364,4.2,0.0,1.2,-0.1,2.7,MALMO,2000,12
2000-12-30,365,1.5,0.0,0.8,-1.1,2.3,MALMO,2000,12
2000-12-31,366,3.6,0.0,0.5,-0.8,1.5,MALMO,2000,12
2001-01-01,367,4.0,1.12,0.7,-5.2,2.8,MALMO,2001,1
2001-01-02,368,2.3,0.17,2.9,0.4,3.9,MALMO,2001,1
2001-01-03,369,2.6,0.19,5.0,3.2,5.8,MALMO,2001,1
2001-01-04,370,4.2,0.15,2.9,0.4,5.6,MALMO,2001,1
2001-01-05,371,5.2,1.0,4.7,3.0,5.8,MALMO,2001,1
2001-01-06,372,4.0,0.2,5.4,4.6,6.2,MALMO,2001,1
2001-01-07,373,3.9,0.0,4.9,4.0,5.4,MALMO,2001,1
2001-01-08,374,4.0,0.0,4.6,4.1,5.8,MALMO,2001,1
2001-01-09,375,3.7,0.05,4.4,3.9,5.2,MALMO,2001,1
2001-01-10,376,2.2,0.0,1.0,-0.4,4.1,MALMO,2001,1
2001-01-11,377,2.8,0.0,1.0,-5.0,3.4,MALMO,2001,1
2001-01-12,378,1.0,0.0,0.3,-3.9,2.9,MALMO,2001,1
2001-01-13,379,1.2,0.0,0.1,-2.8,2.6,MALMO,2001,1
2001-01-14,380,1.5,0.0,-0.4,-1.7,2.7,MALMO,2001,1
2001-01-15,381,1.2,0.0,-1.7,-2.2,-0.5,MALMO,2001,1
2001-01-16,382,1.0,0.0,-2.0,-2.8,-1.3,MALMO,2001,1
2001-01-17,383,2.0,0.0,-0.2,-1.9,2.0,MALMO,2001,1
2001-01-18,384,3.1,0.0,0.0,-1.6,0.8,MALMO,2001,1
2001-01-19,385,2.8,0.05,0.4,-0.5,1.8,MALMO,2001,1
2001-01-20,386,1.4,0.0,-0.1,-0.6,0.5,MALMO,2001,1
2001-01-21,387,2.5,0.05,-0.3,-2.4,1.9,MALMO,2001,1
2001-01-22,388,6.0,0.05,0.4,-0.3,1.6,MALMO,2001,1
2001-01-23,389,5.2,0.2,1.2,-0.2,2.0,MALMO,2001,1
2001-01-24,390,5.6,0.4,4.4,1.9,6.0,MALMO,2001,1
2001-01-25,391,2.7,0.23,2.5,1.0,5.7,MALMO,2001,1
2001-01-26,392,2.2,0.0,3.7,2.5,4.7,MALMO,2001,1
2001-01-27,393,2.9,0.0,2.7,1.2,5.1,MALMO,2001,1
2001-01-28,394,2.7,0.07,2.5,1.0,3.1,MALMO,2001,1
2001-01-29,395,1.2,0.0,1.5,0.4,3.4,MALMO,2001,1
2001-01-30,396,2.0,0.0,2.5,-0.6,3.3,MALMO,2001,1
2001-01-31,397,0.6,0.0,0.8,-0.6,4.0,MALMO,2001,1
2001-02-01,398,3.3,0.0,0.1,-1.9,1.9,MALMO,2001,2
2001-02-02,399,2.8,0.0,-6.6,-9.3,-1.9,MALMO,2001,2
2001-02-03,400,4.5,0.65,-8.9,-11.5,-5.3,MALMO,2001,2
2001-02-04,401,3.3,0.2,-7.3,-10.4,-3.9,MALMO,2001,2
2001-02-05,402,6.9,0.12,-4.4,-11.2,-2.2,MALMO,2001,2
2001-02-06,403,3.5,0.47,3.5,-2.8,6.1,MALMO,2001,2
2001-02-07,404,3.1,0.14,5.6,4.5,7.4,MALMO,2001,2
2001-02-08,405,3.3,0.21,6.3,3.8,9.3,MALMO,2001,2
2001-02-09,406,2.4,0.0,2.0,0.9,7.0,MALMO,2001,2
2001-02-10,407,1.1,0.12,-2.1,-5.8,3.1,MALMO,2001,2
2001-02-11,408,5.3,1.34,2.6,-1.7,5.7,MALMO,2001,2
2001-02-12,409,3.9,0.22,6.4,5.3,7.6,MALMO,2001,2
2001-02-13,410,2.8,0.0,4.1,2.8,6.8,MALMO,2001,2
2001-02-14,411,3.5,0.0,3.5,0.9,4.6,MALMO,2001,2
2001-02-15,412,3.3,0.0,2.2,0.2,5.7,MALMO,2001,2
2001-02-16,413,1.2,0.0,3.0,1.8,5.4,MALMO,2001,2
2001-02-17,414,2.7,0.0,-0.4,-5.0,3.8,MALMO,2001,2
2001-02-18,415,3.6,0.0,5.0,2.2,8.5,MALMO,2001,2
2001-02-19,416,3.2,0.0,2.6,-1.6,3.9,MALMO,2001,2
2001-02-20,417,5.5,0.0,3.8,1.5,6.4,MALMO,2001,2
2001-02-21,418,8.7,0.0,4.9,3.9,6.6,MALMO,2001,2
2001-02-22,419,5.6,0.0,2.0,0.9,4.0,MALMO,2001,2
2001-02-23,420,2.4,0.0,-5.1,-6.9,1.0,MALMO,2001,2
2001-02-24,421,1.6,0.0,-7.0,-11.4,-3.4,MALMO,2001,2
2001-02-25,422,3.0,0.03,0.3,-3.5,4.1,MALMO,2001,2
2001-02-26,423,1.0,0.0,-2.3,-4.3,-0.1,MALMO,2001,2
2001-02-27,424,2.2,0.0,-0.9,-3.4,1.3,MALMO,2001,2
2001-02-28,425,1.8,0.0,-0.6,-2.7,1.8,MALMO,2001,2
2001-03-01,426,2.9,0.0,0.0,-1.5,1.8,MALMO,2001,3
2001-03-02,427,1.5,0.0,-2.4,-4.9,-0.2,MALMO,2001,3
2001-03-03,428,1.2,0.0,-3.1,-4.4,-0.1,MALMO,2001,3
2001-03-04,429,2.1,0.0,-3.1,-9.1,2.0,MALMO,2001,3
2001-03-05,430,1.1,0.0,-3.1,-7.3,2.1,MALMO,2001,3
2001-03-06,431,2.5,0.0,0.5,-5.4,4.8,MALMO,2001,3
2001-03-07,432,3.6,0.0,-0.9,-7.1,4.4,MALMO,2001,3
2001-03-08,433,2.8,0.11,3.4,2.0,5.6,MALMO,2001,3
2001-03-09,434,2.1,0.05,4.2,2.9,7.1,MALMO,2001,3
2001-03-10,435,2.0,0.05,6.3,4.0,8.2,MALMO,2001,3
2001-03-11,436,1.9,0.2,7.1,5.5,8.7,MALMO,2001,3
2001-03-12,437,4.5,0.25,6.8,5.3,9.4,MALMO,2001,3
2001-03-13,438,2.8,0.17,3.2,-1.2,7.4,MALMO,2001,3
2001-03-14,439,2.5,0.0,3.2,2.1,5.0,MALMO,2001,3
2001-03-15,440,2.0,0.3,4.0,2.0,6.9,MALMO,2001,3
2001-03-16,441,2.8,0.0,3.6,1.1,6.4,MALMO,2001,3
2001-03-17,442,2.8,0.0,1.2,-0.8,3.9,MALMO,2001,3
2001-03-18,443,5.0,0.1,-0.5,-1.6,1.4,MALMO,2001,3
2001-03-19,444,5.7,0.12,-2.0,-3.1,-0.5,MALMO,2001,3
2001-03-20,445,2.4,0.0,-1.3,-3.7,1.3,MALMO,2001,3
2001-03-21,446,0.6,0.0,-2.3,-8.1,2.6,MALMO,2001,3
2001-03-22,447,2.5,0.0,-0.8,-6.4,3.7,MALMO,2001,3
2001-03-23,448,4.7,0.0,-0.4,-4.3,3.5,MALMO,2001,3
2001-03-24,449,6.7,0.0,1.3,-0.6,4.2,MALMO,2001,3
2001-03-25,450,6.0,0.0,0.7,-1.3,3.7,MALMO,2001,3
2001-03-26,451,2.8,0.0,-0.5,-3.5,4.0,MALMO,2001,3
2001-03-27,452,2.2,0.0,-0.9,-6.0,2.5,MALMO,2001,3
2001-03-28,453,6.9,0.0,1.1,-5.0,3.7,MALMO,2001,3
2001-03-29,454,8.3,0.14,2.6,1.0,4.0,MALMO,2001,3
2001-03-30,455,2.4,0.0,3.8,2.9,4.8,MALMO,2001,3
2001-03-31,456,2.7,0.0,4.9,1.0,8.4,MALMO,2001,3
2001-04-01,457,3.0,0.0,7.2,5.5,9.7,MALMO,2001,4
2001-04-02,458,2.0,0.0,7.0,3.4,12.7,MALMO,2001,4
2001-04-03,459,3.8,0.0,9.4,6.4,13.4,MALMO,2001,4
2001-04-04,460,4.4,0.13,6.5,1.8,9.9,MALMO,2001,4
2001-04-05,461,5.3,0.0,6.8,5.2,10.5,MALMO,2001,4
2001-04-06,462,3.4,0.3,6.1,3.3,8.5,MALMO,2001,4
2001-04-07,463,2.9,0.29,8.4,5.9,12.4,MALMO,2001,4
2001-04-08,464,3.1,0.05,6.7,4.9,9.5,MALMO,2001,4
2001-04-09,465,3.0,0.0,6.2,3.9,9.8,MALMO,2001,4
2001-04-10,466,3.1,0.0,5.2,0.2,9.9,MALMO,2001,4
2001-04-11,467,1.7,0.14,5.0,-1.0,11.0,MALMO,2001,4
2001-04-12,468,5.3,0.0,3.5,2.1,6.2,MALMO,2001,4
2001-04-13,469,3.9,0.0,2.8,0.4,6.0,MALMO,2001,4
2001-04-14,470,2.8,0.0,1.5,-2.0,5.4,MALMO,2001,4
2001-04-15,471,2.9,0.0,1.9,-3.8,5.7,MALMO,2001,4
2001-04-16,472,1.0,0.0,4.5,2.3,6.9,MALMO,2001,4
2001-04-17,473,3.0,0.32,4.6,0.3,8.0,MALMO,2001,4
2001-04-18,474,3.1,1.13,4.2,2.9,6.3,MALMO,2001,4
2001-04-19,475,2.7,0.0,3.5,0.4,7.8,MALMO,2001,4
2001-04-20,476,1.5,0.0,4.5,-1.0,9.4,MALMO,2001,4
2001-04-21,477,2.1,0.0,5.7,-2.6,11.0,MALMO,2001,4
2001-04-22,478,2.3,0.44,4.9,-0.3,9.4,MALMO,2001,4
2001-04-23,479,2.7,1.41,5.8,4.4,7.2,MALMO,2001,4
2001-04-24,480,2.8,0.0,7.9,5.5,11.1,MALMO,2001,4
2001-04-25,481,5.5,0.87,8.8,3.4,13.5,MALMO,2001,4
2001-04-26,482,2.1,0.0,8.9,7.0,12.0,MALMO,2001,4
2001-04-27,483,2.1,0.1,8.1,5.1,12.2,MALMO,2001,4
2001-04-28,484,2.9,0.45,7.5,6.0,10.8,MALMO,2001,4
2001-04-29,485,2.1,0.17,9.1,4.0,13.1,MALMO,2001,4
2001-04-30,486,2.5,0.0,11.4,4.6,17.4,MALMO,2001,4
2001-05-01,487,2.9,0.0,9.2,5.2,12.3,MALMO,2001,5
2001-05-02,488,1.9,0.0,10.9,6.1,16.7,MALMO,2001,5
2001-05-03,489,4.0,0.0,12.6,3.7,18.8,MALMO,2001,5
2001-05-04,490,3.8,0.0,10.9,9.5,16.8,MALMO,2001,5
2001-05-05,491,3.2,0.0,9.8,6.6,12.6,MALMO,2001,5
2001-05-06,492,2.8,0.0,10.2,4.6,16.9,MALMO,2001,5
2001-05-07,493,2.0,0.0,8.6,3.6,13.1,MALMO,2001,5
2001-05-08,494,2.7,0.0,12.6,5.7,19.2,MALMO,2001,5
2001-05-09,495,0.9,0.0,13.3,3.2,19.9,MALMO,2001,5
2001-05-10,496,2.1,0.0,15.0,6.0,22.8,MALMO,2001,5
2001-05-11,497,2.2,0.0,13.0,4.2,20.2,MALMO,2001,5
2001-05-12,498,1.6,0.0,15.2,7.3,20.8,MALMO,2001,5
2001-05-13,499,2.3,0.0,16.3,9.1,22.0,MALMO,2001,5
2001-05-14,500,1.5,0.0,15.9,7.9,21.8,MALMO,2001,5
2001-05-15,501,1.1,0.0,12.2,6.2,20.6,MALMO,2001,5
2001-05-16,502,2.5,0.24,13.5,8.0,18.8,MALMO,2001,5
2001-05-17,503,3.0,0.28,14.4,11.1,17.7,MALMO,2001,5
2001-05-18,504,4.8,0.02,11.5,8.3,16.0,MALMO,2001,5
2001-05-19,505,7.4,0.0,10.1,7.2,13.0,MALMO,2001,5
2001-05-20,506,5.1,0.0,11.4,7.8,15.4,MALMO,2001,5
2001-05-21,507,3.0,0.0,12.2,8.9,16.9,MALMO,2001,5
2001-05-22,508,1.6,0.0,11.4,3.4,18.0,MALMO,2001,5
2001-05-23,509,2.7,0.0,14.4,7.4,19.5,MALMO,2001,5
2001-05-24,510,3.1,0.0,13.3,10.1,17.1,MALMO,2001,5
2001-05-25,511,1.8,0.0,13.8,9.2,18.6,MALMO,2001,5
2001-05-26,512,1.8,0.0,12.8,4.7,18.4,MALMO,2001,5
2001-05-27,513,3.3,0.15,15.5,11.1,19.7,MALMO,2001,5
2001-05-28,514,4.9,0.04,15.7,13.0,20.7,MALMO,2001,5
2001-05-29,515,4.1,0.72,12.9,11.0,17.1,MALMO,2001,5
2001-05-30,516,3.1,0.3,12.0,10.9,14.0,MALMO,2001,5
2001-05-31,517,1.2,0.02,11.4,7.7,15.0,MALMO,2001,5
2001-06-01,518,2.2,0.17,12.0,8.0,16.0,MALMO,2001,6
2001-06-02,519,3.0,0.4,11.4,9.3,14.5,MALMO,2001,6
2001-06-03,520,1.5,0.22,10.7,9.4,13.2,MALMO,2001,6
2001-06-04,521,3.1,0.04,12.4,9.2,16.4,MALMO,2001,6
2001-06-05,522,2.7,0.11,12.1,10.3,13.8,MALMO,2001,6
2001-06-06,523,1.8,0.03,14.1,9.0,18.5,MALMO,2001,6
2001-06-07,524,3.8,0.05,12.7,9.8,16.3,MALMO,2001,6
2001-06-08,525,3.0,0.0,12.0,8.7,15.4,MALMO,2001,6
2001-06-09,526,2.2,0.0,11.4,7.2,15.5,MALMO,2001,6
2001-06-10,527,0.8,0.0,10.7,5.1,15.5,MALMO,2001,6
2001-06-11,528,3.9,0.0,11.5,7.1,14.8,MALMO,2001,6
2001-06-12,529,3.9,0.0,13.0,10.0,16.1,MALMO,2001,6
2001-06-13,530,3.0,0.0,12.1,8.6,16.1,MALMO,2001,6
2001-06-14,531,2.0,0.0,12.9,8.9,17.4,MALMO,2001,6
2001-06-15,532,1.3,0.56,13.3,7.8,17.9,MALMO,2001,6
2001-06-16,533,1.8,0.35,12.0,9.9,16.0,MALMO,2001,6
2001-06-17,534,1.8,0.0,14.1,9.3,18.7,MALMO,2001,6
2001-06-18,535,3.3,0.0,15.2,8.5,19.2,MALMO,2001,6
2001-06-19,536,4.0,0.0,15.5,12.7,19.5,MALMO,2001,6
2001-06-20,537,2.8,0.05,15.7,11.7,20.4,MALMO,2001,6
2001-06-21,538,1.7,0.0,15.5,12.9,19.5,MALMO,2001,6
2001-06-22,539,1.6,0.33,14.2,11.1,18.2,MALMO,2001,6
2001-06-23,540,4.5,0.0,16.2,13.0,19.7,MALMO,2001,6
2001-06-24,541,4.2,0.0,17.1,14.7,20.7,MALMO,2001,6
2001-06-25,542,3.2,0.0,15.9,12.7,20.0,MALMO,2001,6
2001-06-26,543,2.2,0.0,18.3,13.6,22.5,MALMO,2001,6
2001-06-27,544,1.5,0.0,18.9,9.8,25.3,MALMO,2001,6
2001-06-28,545,2.3,0.0,17.7,14.0,21.9,MALMO,2001,6
2001-06-29,546,2.1,0.0,18.8,14.9,22.8,MALMO,2001,6
2001-06-30,547,1.8,1.55,19.9,14.3,24.9,MALMO,2001,6
2001-07-01,548,3.5,0.0,17.6,15.6,21.8,MALMO,2001,7
2001-07-02,549,2.7,0.0,17.3,14.3,21.1,MALMO,2001,7
2001-07-03,550,0.9,0.0,18.4,9.2,24.0,MALMO,2001,7
2001-07-04,551,2.2,0.0,18.7,10.0,24.4,MALMO,2001,7
2001-07-05,552,1.5,0.0,19.4,9.2,26.1,MALMO,2001,7
2001-07-06,553,1.5,0.0,21.6,11.5,28.4,MALMO,2001,7
2001-07-07,554,3.5,0.0,23.2,15.4,29.7,MALMO,2001,7
2001-07-08,555,3.3,0.15,23.7,18.9,29.6,MALMO,2001,7
2001-07-09,556,2.7,0.11,20.0,18.7,22.7,MALMO,2001,7
2001-07-10,557,2.9,0.85,19.4,16.4,23.0,MALMO,2001,7
2001-07-11,558,3.7,0.2,16.8,13.9,20.8,MALMO,2001,7
2001-07-12,559,5.0,0.5,16.3,14.4,19.3,MALMO,2001,7
2001-07-13,560,3.0,0.0,15.4,12.2,19.0,MALMO,2001,7
2001-07-14,561,2.2,0.0,16.6,11.8,20.5,MALMO,2001,7
2001-07-15,562,3.2,0.0,17.9,15.4,20.8,MALMO,2001,7
2001-07-16,563,1.2,0.52,14.5,13.0,18.0,MALMO,2001,7
2001-07-17,564,1.1,0.0,15.7,9.8,20.4,MALMO,2001,7
2001-07-18,565,0.8,0.0,16.1,11.4,21.6,MALMO,2001,7
2001-07-19,566,2.3,0.03,18.5,13.7,23.5,MALMO,2001,7
2001-07-20,567,1.7,0.0,19.0,13.7,23.3,MALMO,2001,7
2001-07-21,568,2.0,0.0,18.1,13.4,22.0,MALMO,2001,7
2001-07-22,569,1.9,0.0,18.9,13.2,23.8,MALMO,2001,7
2001-07-23,570,1.0,0.0,20.5,16.1,25.0,MALMO,2001,7
2001-07-24,571,0.8,0.0,20.2,11.9,26.8,MALMO,2001,7
2001-07-25,572,2.0,0.0,21.2,13.1,27.8,MALMO,2001,7
2001-07-26,573,3.4,0.0,20.5,17.8,24.3,MALMO,2001,7
2001-07-27,574,1.8,0.0,19.8,12.2,26.2,MALMO,2001,7
2001-07-28,575,1.0,0.0,20.1,11.8,26.9,MALMO,2001,7
2001-07-29,576,1.4,0.0,21.8,16.8,26.8,MALMO,2001,7
2001-07-30,577,4.3,0.0,21.4,18.2,25.6,MALMO,2001,7
2001-07-31,578,3.2,0.0,17.7,15.5,22.0,MALMO,2001,7
2001-08-01,579,4.3,0.0,17.6,14.2,21.7,MALMO,2001,8
2001-08-02,580,2.0,0.0,17.6,13.7,22.2,MALMO,2001,8
2001-08-03,581,5.0,0.0,18.7,12.9,23.5,MALMO,2001,8
2001-08-04,582,3.0,0.4,18.6,15.7,23.2,MALMO,2001,8
2001-08-05,583,3.0,0.53,16.7,14.2,20.7,MALMO,2001,8
2001-08-06,584,3.2,1.74,17.1,13.9,21.4,MALMO,2001,8
2001-08-07,585,2.0,0.0,17.0,14.6,20.2,MALMO,2001,8
2001-08-08,586,3.5,0.93,16.2,11.3,20.3,MALMO,2001,8
2001-08-09,587,4.2,0.0,17.3,15.2,20.1,MALMO,2001,8
2001-08-10,588,2.2,0.11,14.7,11.0,18.6,MALMO,2001,8
2001-08-11,589,3.8,0.14,15.3,12.6,19.3,MALMO,2001,8
2001-08-12,590,3.5,1.5,14.9,13.1,16.8,MALMO,2001,8
2001-08-13,591,2.9,0.0,17.6,15.4,21.3,MALMO,2001,8
2001-08-14,592,2.5,0.0,19.7,17.4,23.0,MALMO,2001,8
2001-08-15,593,2.0,0.0,21.6,15.8,27.2,MALMO,2001,8
2001-08-16,594,2.4,0.0,24.0,19.6,29.2,MALMO,2001,8
2001-08-17,595,1.9,0.0,19.5,17.0,23.8,MALMO,2001,8
2001-08-18,596,0.6,0.0,18.1,11.1,23.8,MALMO,2001,8
2001-08-19,597,4.1,0.0,17.5,11.4,23.0,MALMO,2001,8
2001-08-20,598,1.8,0.0,20.5,16.3,25.4,MALMO,2001,8
2001-08-21,599,1.2,0.0,19.3,16.5,23.3,MALMO,2001,8
2001-08-22,600,1.2,0.0,18.2,11.2,24.5,MALMO,2001,8
2001-08-23,601,2.9,0.51,18.5,13.8,23.2,MALMO,2001,8
2001-08-24,602,3.3,0.21,16.5,15.5,19.0,MALMO,2001,8
2001-08-25,603,2.0,0.0,19.3,14.4,24.2,MALMO,2001,8
2001-08-26,604,2.1,1.14,19.9,15.1,25.4,MALMO,2001,8
2001-08-27,605,4.7,0.27,16.3,14.0,21.2,MALMO,2001,8
2001-08-28,606,5.5,0.36,14.0,11.9,18.1,MALMO,2001,8
2001-08-29,607,1.2,0.0,15.4,10.6,21.1,MALMO,2001,8
2001-08-30,608,2.1,0.0,14.8,7.6,20.7,MALMO,2001,8
2001-08-31,609,3.3,0.09,17.3,14.4,21.4,MALMO,2001,8
2001-09-01,610,2.2,0.04,16.8,13.3,20.9,MALMO,2001,9
2001-09-02,611,3.6,0.14,15.1,12.7,17.2,MALMO,2001,9
2001-09-03,612,2.2,1.16,16.8,14.2,19.9,MALMO,2001,9
2001-09-04,613,1.4,0.01,15.5,12.8,18.9,MALMO,2001,9
2001-09-05,614,1.0,0.0,15.7,9.8,20.6,MALMO,2001,9
2001-09-06,615,2.2,0.05,14.3,10.8,16.7,MALMO,2001,9
2001-09-07,616,2.3,1.0,14.5,12.3,18.2,MALMO,2001,9
2001-09-08,617,3.2,1.1,11.5,10.0,14.5,MALMO,2001,9
2001-09-09,618,4.0,1.07,13.0,10.4,16.8,MALMO,2001,9
2001-09-10,619,3.0,0.46,12.8,10.9,16.2,MALMO,2001,9
2001-09-11,620,1.8,0.02,12.8,9.7,16.2,MALMO,2001,9
2001-09-12,621,1.4,0.02,11.9,5.7,17.6,MALMO,2001,9
2001-09-13,622,2.4,0.34,12.7,9.6,15.6,MALMO,2001,9
2001-09-14,623,1.4,0.03,11.9,5.9,17.2,MALMO,2001,9
2001-09-15,624,2.7,0.19,13.6,12.0,16.0,MALMO,2001,9
2001-09-16,625,0.7,1.01,12.2,8.8,16.8,MALMO,2001,9
2001-09-17,626,3.0,0.09,13.8,10.8,16.6,MALMO,2001,9
2001-09-18,627,3.8,2.53,13.8,10.8,16.3,MALMO,2001,9
2001-09-19,628,3.6,0.0,12.1,10.4,14.9,MALMO,2001,9
2001-09-20,629,3.5,0.26,12.8,9.8,16.7,MALMO,2001,9
2001-09-21,630,2.2,0.13,13.1,11.3,15.5,MALMO,2001,9
2001-09-22,631,1.7,0.05,12.6,10.5,15.9,MALMO,2001,9
2001-09-23,632,1.9,0.05,11.8,9.0,16.1,MALMO,2001,9
2001-09-24,633,4.2,0.0,10.8,7.3,13.0,MALMO,2001,9
2001-09-25,634,2.3,0.0,9.5,6.8,12.7,MALMO,2001,9
2001-09-26,635,1.0,0.04,9.3,5.8,13.4,MALMO,2001,9
2001-09-27,636,0.8,0.0,10.5,6.5,13.1,MALMO,2001,9
2001-09-28,637,1.2,0.0,11.7,10.3,14.9,MALMO,2001,9
2001-09-29,638,3.4,0.0,10.5,6.7,12.1,MALMO,2001,9
2001-09-30,639,4.9,0.76,11.6,10.5,12.7,MALMO,2001,9
2001-10-01,640,3.6,1.16,13.0,11.4,15.6,MALMO,2001,10
2001-10-02,641,2.9,0.74,13.5,11.5,16.2,MALMO,2001,10
2001-10-03,642,3.7,0.09,14.0,12.0,16.2,MALMO,2001,10
2001-10-04,643,3.5,0.3,12.2,10.9,14.8,MALMO,2001,10
2001-10-05,644,1.5,0.0,12.3,10.1,15.6,MALMO,2001,10
2001-10-06,645,2.4,0.0,12.4,9.1,17.0,MALMO,2001,10
2001-10-07,646,2.3,0.04,13.6,11.0,15.6,MALMO,2001,10
2001-10-08,647,2.5,0.29,13.8,10.4,16.2,MALMO,2001,10
2001-10-09,648,3.5,0.0,13.0,10.7,15.3,MALMO,2001,10
2001-10-10,649,5.5,0.24,13.5,12.5,16.1,MALMO,2001,10
2001-10-11,650,3.7,0.0,12.4,10.4,15.8,MALMO,2001,10
2001-10-12,651,2.8,0.0,14.3,11.5,16.2,MALMO,2001,10
2001-10-13,652,1.7,0.0,13.4,9.5,18.1,MALMO,2001,10
2001-10-14,653,1.8,0.0,13.4,12.2,15.2,MALMO,2001,10
2001-10-15,654,4.4,0.0,13.9,11.9,15.8,MALMO,2001,10
2001-10-16,655,1.8,0.0,13.6,12.7,15.6,MALMO,2001,10
2001-10-17,656,0.7,0.0,9.4,6.8,15.2,MALMO,2001,10
2001-10-18,657,2.0,0.0,8.7,2.4,13.7,MALMO,2001,10
2001-10-19,658,2.1,0.0,9.6,6.4,14.2,MALMO,2001,10
2001-10-20,659,2.5,0.0,10.1,7.6,13.7,MALMO,2001,10
2001-10-21,660,4.0,0.0,9.9,6.1,11.9,MALMO,2001,10
2001-10-22,661,1.6,0.06,6.8,3.6,10.5,MALMO,2001,10
2001-10-23,662,3.5,0.0,8.4,7.4,10.1,MALMO,2001,10
2001-10-24,663,3.8,0.0,6.4,4.8,8.6,MALMO,2001,10
2001-10-25,664,1.3,0.02,9.0,5.7,10.3,MALMO,2001,10
2001-10-26,665,2.8,0.0,11.0,9.6,12.3,MALMO,2001,10
2001-10-27,666,2.9,0.32,11.2,10.6,12.4,MALMO,2001,10
2001-10-28,667,6.0,0.05,11.3,10.0,13.0,MALMO,2001,10
2001-10-29,668,4.8,0.54,9.8,8.6,11.1,MALMO,2001,10
2001-10-30,669,6.0,0.0,12.7,10.7,14.1,MALMO,2001,10
2001-10-31,670,6.7,0.0,12.1,9.8,14.7,MALMO,2001,10
2001-11-01,671,6.5,0.0,8.7,7.9,10.4,MALMO,2001,11
2001-11-02,672,2.8,0.0,9.2,6.3,11.2,MALMO,2001,11
2001-11-03,673,4.1,0.16,11.2,10.5,12.5,MALMO,2001,11
2001-11-04,674,5.4,0.42,9.4,8.5,11.5,MALMO,2001,11
2001-11-05,675,5.3,0.34,6.4,5.3,9.5,MALMO,2001,11
2001-11-06,676,4.3,0.92,7.4,5.0,9.5,MALMO,2001,11
2001-11-07,677,4.4,0.35,5.9,4.5,8.7,MALMO,2001,11
2001-11-08,678,2.6,0.0,2.9,0.8,6.5,MALMO,2001,11
2001-11-09,679,3.7,0.0,1.4,-1.3,2.4,MALMO,2001,11
2001-11-10,680,5.2,0.0,4.8,-3.9,7.5,MALMO,2001,11
2001-11-11,681,7.0,0.0,8.6,6.2,10.5,MALMO,2001,11
2001-11-12,682,3.8,0.35,6.5,4.8,8.5,MALMO,2001,11
2001-11-13,683,1.1,0.0,1.5,-1.9,6.4,MALMO,2001,11
2001-11-14,684,1.5,0.0,-0.5,-3.1,2.9,MALMO,2001,11
2001-11-15,685,6.7,0.0,6.1,-4.3,10.4,MALMO,2001,11
2001-11-16,686,1.5,0.0,3.4,-0.6,9.7,MALMO,2001,11
2001-11-17,687,3.7,0.0,7.0,-1.4,9.5,MALMO,2001,11
2001-11-18,688,3.0,0.0,7.5,4.4,9.3,MALMO,2001,11
2001-11-19,689,2.0,0.0,4.9,1.4,8.8,MALMO,2001,11
2001-11-20,690,2.7,0.03,4.1,-1.7,7.6,MALMO,2001,11
2001-11-21,691,4.8,0.61,8.0,3.5,9.4,MALMO,2001,11
2001-11-22,692,5.6,0.0,5.0,3.4,9.3,MALMO,2001,11
2001-11-23,693,5.0,0.0,2.8,1.9,3.8,MALMO,2001,11
2001-11-24,694,0.5,0.0,0.1,-2.5,4.2,MALMO,2001,11
2001-11-25,695,2.6,0.04,3.2,-2.2,5.3,MALMO,2001,11
2001-11-26,696,2.2,0.74,3.9,3.1,4.8,MALMO,2001,11
2001-11-27,697,1.2,0.2,1.9,1.4,3.1,MALMO,2001,11
2001-11-28,698,2.2,0.29,3.1,1.2,6.0,MALMO,2001,11
2001-11-29,699,1.5,0.0,0.9,-2.1,3.9,MALMO,2001,11
2001-11-30,700,4.6,0.0,3.4,1.2,4.2,MALMO,2001,11
2001-12-01,701,7.6,0.36,2.2,1.7,3.6,MALMO,2001,12
2001-12-02,702,3.1,0.14,2.7,2.1,3.4,MALMO,2001,12
2001-12-03,703,4.3,0.0,2.1,1.6,2.8,MALMO,2001,12
2001-12-04,704,5.8,0.25,1.7,1.1,2.6,MALMO,2001,12
2001-12-05,705,3.5,0.12,4.6,2.0,7.1,MALMO,2001,12
2001-12-06,706,0.6,0.0,3.0,1.8,4.9,MALMO,2001,12
2001-12-07,707,0.2,0.0,-2.2,-3.4,3.1,MALMO,2001,12
2001-12-08,708,1.0,0.0,0.8,-4.3,3.3,MALMO,2001,12
2001-12-09,709,3.2,0.0,3.2,2.2,3.8,MALMO,2001,12
2001-12-10,710,3.5,0.0,4.8,3.5,6.0,MALMO,2001,12
2001-12-11,711,1.4,0.0,2.4,0.2,4.5,MALMO,2001,12
2001-12-12,712,1.8,0.0,2.7,0.9,4.9,MALMO,2001,12
2001-12-13,713,1.5,0.0,-0.5,-3.1,3.0,MALMO,2001,12
2001-12-14,714,2.9,0.0,1.7,-3.8,4.2,MALMO,2001,12
2001-12-15,715,1.2,0.0,-0.7,-2.1,3.8,MALMO,2001,12
2001-12-16,716,2.7,0.0,0.2,-6.3,3.7,MALMO,2001,12
2001-12-17,717,2.0,0.0,0.7,-0.7,3.2,MALMO,2001,12
2001-12-18,718,1.6,0.0,1.2,-2.5,2.5,MALMO,2001,12
2001-12-19,719,6.8,0.0,3.8,-0.2,6.2,MALMO,2001,12
2001-12-20,720,5.0,0.35,-3.0,-6.1,2.4,MALMO,2001,12
2001-12-21,721,7.0,0.14,1.5,-1.9,3.7,MALMO,2001,12
2001-12-22,722,1.8,0.0,-7.4,-9.6,-0.5,MALMO,2001,12
2001-12-23,723,2.1,0.65,-6.2,-14.6,-1.9,MALMO,2001,12
2001-12-24,724,4.7,0.78,0.8,-4.5,2.7,MALMO,2001,12
2001-12-25,725,5.7,0.05,1.4,0.3,4.0,MALMO,2001,12
2001-12-26,726,1.6,0.1,-0.4,-1.0,1.5,MALMO,2001,12
2001-12-27,727,2.3,0.55,-0.4,-3.8,1.1,MALMO,2001,12
2001-12-28,728,2.2,0.57,-0.4,-2.4,1.1,MALMO,2001,12
2001-12-29,729,3.0,0.1,-1.2,-2.3,1.1,MALMO,2001,12
2001-12-30,730,2.0,0.0,-6.1,-7.5,-2.2,MALMO,2001,12
2001-12-31,731,0.7,0.03,-13.8,-17.5,-7.5,MALMO,2001,12
2002-01-01,732,5.7,0.0,0.3,-13.9,4.7,MALMO,2002,1
2002-01-02,733,3.1,0.0,-3.4,-6.0,5.4,MALMO,2002,1
2002-01-03,734,0.8,0.0,-7.4,-10.6,-2.4,MALMO,2002,1
2002-01-04,735,2.0,0.0,-3.5,-8.0,-1.3,MALMO,2002,1
2002-01-05,736,1.6,0.0,-3.7,-8.9,1.1,MALMO,2002,1
2002-01-06,737,3.3,0.0,2.6,-0.7,3.7,MALMO,2002,1
2002-01-07,738,1.2,0.0,-0.7,-3.8,3.5,MALMO,2002,1
2002-01-08,739,3.7,0.0,2.8,0.1,3.8,MALMO,2002,1
2002-01-09,740,2.9,0.0,2.1,1.3,3.4,MALMO,2002,1
2002-01-10,741,2.3,0.0,1.8,0.6,2.9,MALMO,2002,1
2002-01-11,742,1.8,0.0,0.4,-0.5,2.8,MALMO,2002,1
2002-01-12,743,1.4,0.0,0.4,-0.6,1.5,MALMO,2002,1
2002-01-13,744,2.6,0.0,0.6,-0.6,1.5,MALMO,2002,1
2002-01-14,745,3.0,0.0,0.0,-0.5,0.7,MALMO,2002,1
2002-01-15,746,2.8,0.0,-0.1,-0.5,0.4,MALMO,2002,1
2002-01-16,747,2.2,0.0,0.2,-1.1,1.2,MALMO,2002,1
2002-01-17,748,3.3,0.05,1.8,0.8,2.2,MALMO,2002,1
2002-01-18,749,3.6,0.25,2.8,1.9,3.7,MALMO,2002,1
2002-01-19,750,3.6,0.22,2.6,1.2,3.7,MALMO,2002,1
2002-01-20,751,5.1,1.18,4.3,3.6,4.8,MALMO,2002,1
2002-01-21,752,4.8,0.07,6.6,4.5,8.0,MALMO,2002,1
2002-01-22,753,4.8,0.15,6.2,5.0,7.3,MALMO,2002,1
2002-01-23,754,5.6,0.5,5.6,4.6,7.1,MALMO,2002,1
2002-01-24,755,5.7,1.05,6.0,4.4,7.4,MALMO,2002,1
2002-01-25,756,6.8,0.68,1.8,0.6,6.2,MALMO,2002,1
2002-01-26,757,5.1,1.38,3.9,0.0,7.7,MALMO,2002,1
2002-01-27,758,4.5,0.16,4.3,1.8,7.1,MALMO,2002,1
2002-01-28,759,6.6,0.54,6.0,0.1,8.5,MALMO,2002,1
2002-01-29,760,7.7,0.09,5.3,4.8,8.3,MALMO,2002,1
2002-01-30,761,4.9,0.6,6.2,4.0,7.8,MALMO,2002,1
2002-01-31,762,4.2,1.17,6.3,4.9,8.0,MALMO,2002,1
2002-02-01,763,5.1,0.27,6.2,4.6,7.5,MALMO,2002,2
2002-02-02,764,4.6,0.0,8.6,6.4,10.9,MALMO,2002,2
2002-02-03,765,3.0,0.0,6.6,4.4,9.9,MALMO,2002,2
2002-02-04,766,5.2,0.35,6.8,5.3,8.6,MALMO,2002,2
2002-02-05,767,4.7,0.52,6.8,5.3,8.1,MALMO,2002,2
2002-02-06,768,3.0,0.07,6.3,5.2,8.5,MALMO,2002,2
2002-02-07,769,4.0,0.12,5.5,4.8,7.2,MALMO,2002,2
2002-02-08,770,4.8,0.35,6.2,3.5,8.5,MALMO,2002,2
2002-02-09,771,5.5,0.0,7.6,4.5,9.5,MALMO,2002,2
2002-02-10,772,4.8,0.15,6.0,4.7,8.0,MALMO,2002,2
2002-02-11,773,5.3,0.14,6.8,4.5,8.8,MALMO,2002,2
2002-02-12,774,6.2,0.74,6.4,5.1,8.4,MALMO,2002,2
2002-02-13,775,3.8,0.0,2.9,1.9,5.5,MALMO,2002,2
2002-02-14,776,2.0,0.0,0.6,-2.3,3.9,MALMO,2002,2
2002-02-15,777,3.6,0.0,2.6,0.5,4.0,MALMO,2002,2
2002-02-16,778,3.1,0.0,2.8,2.3,4.0,MALMO,2002,2
2002-02-17,779,2.2,0.0,1.9,-0.4,5.8,MALMO,2002,2
2002-02-18,780,3.9,0.03,2.7,-0.6,5.9,MALMO,2002,2
2002-02-19,781,6.1,0.65,1.4,-0.8,3.7,MALMO,2002,2
2002-02-20,782,5.8,0.5,0.2,-0.6,1.6,MALMO,2002,2
2002-02-21,783,3.8,0.09,-2.1,-4.3,0.8,MALMO,2002,2
2002-02-22,784,7.5,0.67,1.0,-2.8,4.5,MALMO,2002,2
2002-02-23,785,6.2,0.2,1.7,0.1,3.7,MALMO,2002,2
2002-02-24,786,5.1,0.0,1.7,0.9,3.7,MALMO,2002,2
2002-02-25,787,3.8,0.59,1.2,-0.2,4.2,MALMO,2002,2
2002-02-26,788,6.0,1.47,4.5,0.0,7.6,MALMO,2002,2
2002-02-27,789,6.2,0.35,3.9,2.8,5.7,MALMO,2002,2
2002-02-28,790,4.7,0.04,3.0,1.6,4.8,MALMO,2002,2
2002-03-01,791,3.3,0.0,1.6,0.7,3.9,MALMO,2002,3
2002-03-02,792,3.7,0.2,1.5,-0.5,4.5,MALMO,2002,3
2002-03-03,793,4.2,0.14,0.9,-4.4,4.0,MALMO,2002,3
2002-03-04,794,5.3,0.0,6.2,4.0,10.1,MALMO,2002,3
2002-03-05,795,4.7,0.11,6.0,4.8,8.6,MALMO,2002,3
2002-03-06,796,6.6,0.51,5.2,3.6,6.6,MALMO,2002,3
2002-03-07,797,6.2,0.0,5.2,3.6,7.3,MALMO,2002,3
2002-03-08,798,5.0,0.0,5.2,2.7,8.5,MALMO,2002,3
2002-03-09,799,6.2,0.0,6.8,5.4,8.9,MALMO,2002,3
2002-03-10,800,5.0,0.0,4.6,0.7,7.8,MALMO,2002,3
2002-03-11,801,3.9,0.92,7.3,3.6,9.7,MALMO,2002,3
2002-03-12,802,1.7,0.0,7.0,5.3,10.9,MALMO,2002,3
2002-03-13,803,2.2,0.09,5.3,3.2,7.8,MALMO,2002,3
2002-03-14,804,4.3,0.0,1.6,-0.4,4.9,MALMO,2002,3
2002-03-15,805,5.3,0.0,1.7,-1.9,6.1,MALMO,2002,3
2002-03-16,806,4.5,0.14,2.4,0.8,3.4,MALMO,2002,3
2002-03-17,807,2.2,0.0,3.3,-0.1,6.5,MALMO,2002,3
2002-03-18,808,3.0,0.21,6.7,2.4,8.8,MALMO,2002,3
2002-03-19,809,4.8,0.34,7.4,6.4,11.9,MALMO,2002,3
2002-03-20,810,7.4,0.0,5.6,3.2,9.1,MALMO,2002,3
2002-03-21,811,5.4,0.0,3.9,2.3,7.1,MALMO,2002,3
2002-03-22,812,3.9,0.0,4.2,2.2,6.1,MALMO,2002,3
2002-03-23,813,3.2,0.0,3.6,2.3,5.5,MALMO,2002,3
2002-03-24,814,1.8,0.0,1.3,-1.8,5.3,MALMO,2002,3
2002-03-25,815,0.7,0.0,1.9,-3.4,6.6,MALMO,2002,3
2002-03-26,816,2.1,0.0,2.2,-3.5,6.1,MALMO,2002,3
2002-03-27,817,1.2,0.0,2.5,-3.6,8.0,MALMO,2002,3
2002-03-28,818,2.0,0.0,5.4,-0.8,11.1,MALMO,2002,3
2002-03-29,819,1.6,0.0,6.7,0.6,13.2,MALMO,2002,3
2002-03-30,820,2.0,0.0,7.8,-1.0,13.5,MALMO,2002,3
2002-03-31,821,1.8,0.0,7.4,2.8,13.4,MALMO,2002,3
2002-04-01,822,1.9,0.0,8.8,5.1,13.3,MALMO,2002,4
2002-04-02,823,2.5,0.0,10.5,5.6,16.3,MALMO,2002,4
2002-04-03,824,5.8,0.0,7.0,4.2,12.3,MALMO,2002,4
2002-04-04,825,2.7,0.0,5.5,0.0,12.5,MALMO,2002,4
2002-04-05,826,3.8,0.0,4.4,2.8,8.5,MALMO,2002,4
2002-04-06,827,2.2,0.0,3.0,-3.8,8.6,MALMO,2002,4
2002-04-07,828,2.5,0.0,3.7,0.9,6.9,MALMO,2002,4
2002-04-08,829,1.4,0.0,2.3,-4.3,8.1,MALMO,2002,4
2002-04-09,830,2.9,0.0,3.5,-4.5,10.4,MALMO,2002,4
2002-04-10,831,3.2,0.0,5.7,-2.1,13.0,MALMO,2002,4
2002-04-11,832,3.8,0.0,7.0,-0.2,13.3,MALMO,2002,4
2002-04-12,833,1.8,0.02,9.2,6.5,12.1,MALMO,2002,4
2002-04-13,834,1.7,0.05,9.6,7.1,12.6,MALMO,2002,4
2002-04-14,835,3.2,0.0,8.1,6.5,10.5,MALMO,2002,4
2002-04-15,836,3.1,0.0,7.9,6.8,9.2,MALMO,2002,4
2002-04-16,837,2.8,0.69,4.7,3.4,8.4,MALMO,2002,4
2002-04-17,838,4.0,0.12,4.4,3.4,5.8,MALMO,2002,4
2002-04-18,839,2.6,0.46,4.8,3.7,5.6,MALMO,2002,4
2002-04-19,840,1.0,0.0,6.5,4.4,10.4,MALMO,2002,4
2002-04-20,841,1.1,0.0,5.8,1.9,12.7,MALMO,2002,4
2002-04-21,842,1.1,0.0,8.8,0.4,16.3,MALMO,2002,4
2002-04-22,843,2.2,0.09,10.0,2.8,15.7,MALMO,2002,4
2002-04-23,844,3.4,0.0,11.2,9.5,14.9,MALMO,2002,4
2002-04-24,845,2.3,0.0,11.0,8.7,14.1,MALMO,2002,4
2002-04-25,846,1.5,0.0,10.8,5.5,15.6,MALMO,2002,4
2002-04-26,847,1.9,0.13,8.9,6.8,12.6,MALMO,2002,4
2002-04-27,848,5.0,0.7,7.0,5.1,8.6,MALMO,2002,4
2002-04-28,849,5.5,0.22,7.0,3.5,10.1,MALMO,2002,4
2002-04-29,850,4.2,0.25,9.1,7.5,11.6,MALMO,2002,4
2002-04-30,851,4.5,0.0,9.5,6.8,12.6,MALMO,2002,4
2002-05-01,852,4.1,0.12,10.9,8.9,14.3,MALMO,2002,5
2002-05-02,853,0.9,0.1,9.9,3.7,15.2,MALMO,2002,5
2002-05-03,854,1.5,0.23,9.6,6.1,12.9,MALMO,2002,5
2002-05-04,855,2.0,1.51,10.9,9.2,12.5,MALMO,2002,5
2002-05-05,856,2.4,0.14,11.4,9.5,13.1,MALMO,2002,5
2002-05-06,857,3.0,0.0,12.4,8.1,18.0,MALMO,2002,5
2002-05-07,858,3.0,0.03,11.2,9.4,14.6,MALMO,2002,5
2002-05-08,859,1.9,0.0,13.7,5.4,21.8,MALMO,2002,5
2002-05-09,860,5.1,0.0,14.5,9.1,21.0,MALMO,2002,5
2002-05-10,861,6.2,0.0,14.1,9.5,19.7,MALMO,2002,5
2002-05-11,862,4.0,0.0,15.2,9.9,22.0,MALMO,2002,5
2002-05-12,863,2.5,0.0,14.0,10.5,17.8,MALMO,2002,5
2002-05-13,864,1.8,0.0,13.4,9.8,17.4,MALMO,2002,5
2002-05-14,865,2.9,0.09,12.5,5.8,19.2,MALMO,2002,5
2002-05-15,866,3.8,0.29,13.5,10.1,17.3,MALMO,2002,5
2002-05-16,867,4.5,0.04,13.1,11.1,16.2,MALMO,2002,5
2002-05-17,868,3.2,0.0,12.7,10.3,16.2,MALMO,2002,5
2002-05-18,869,1.3,0.0,13.6,5.8,20.0,MALMO,2002,5
2002-05-19,870,1.5,0.0,11.3,6.6,15.8,MALMO,2002,5
2002-05-20,871,3.2,0.0,12.4,9.6,16.2,MALMO,2002,5
2002-05-21,872,4.0,0.0,13.1,4.0,20.3,MALMO,2002,5
2002-05-22,873,5.4,0.0,16.5,9.4,22.3,MALMO,2002,5
2002-05-23,874,2.5,0.07,17.8,11.2,23.9,MALMO,2002,5
2002-05-24,875,2.7,0.0,14.7,13.2,18.5,MALMO,2002,5
2002-05-25,876,2.1,0.0,15.1,12.4,18.2,MALMO,2002,5
2002-05-26,877,2.0,0.99,12.4,6.5,17.6,MALMO,2002,5
2002-05-27,878,1.2,0.01,15.2,11.1,20.3,MALMO,2002,5
2002-05-28,879,1.5,0.0,13.7,8.4,18.6,MALMO,2002,5
2002-05-29,880,1.4,0.0,13.7,11.4,18.0,MALMO,2002,5
2002-05-30,881,2.8,0.0,14.6,11.1,17.7,MALMO,2002,5
2002-05-31,882,2.5,0.42,14.0,9.9,17.6,MALMO,2002,5
2002-06-01,883,3.6,0.0,14.0,10.5,18.1,MALMO,2002,6
2002-06-02,884,1.5,0.0,16.8,10.1,22.5,MALMO,2002,6
2002-06-03,885,3.3,0.0,16.5,8.8,21.5,MALMO,2002,6
2002-06-04,886,4.0,0.0,17.7,12.6,22.6,MALMO,2002,6
2002-06-05,887,5.3,0.0,18.8,12.0,24.6,MALMO,2002,6
2002-06-06,888,5.9,0.0,19.1,14.0,24.3,MALMO,2002,6
2002-06-07,889,5.2,0.0,17.1,12.9,21.6,MALMO,2002,6
2002-06-08,890,4.3,0.0,16.9,11.7,22.2,MALMO,2002,6
2002-06-09,891,2.5,0.0,16.9,9.9,22.0,MALMO,2002,6
2002-06-10,892,2.7,1.49,17.0,9.0,22.6,MALMO,2002,6
2002-06-11,893,2.7,0.24,14.7,12.5,19.5,MALMO,2002,6
2002-06-12,894,1.8,1.51,14.3,10.9,17.9,MALMO,2002,6
2002-06-13,895,4.1,0.24,14.1,11.6,17.2,MALMO,2002,6
2002-06-14,896,4.9,0.0,15.8,11.7,20.1,MALMO,2002,6
2002-06-15,897,3.2,0.2,15.7,11.3,20.9,MALMO,2002,6
2002-06-16,898,4.4,0.05,17.2,13.5,21.9,MALMO,2002,6
2002-06-17,899,2.1,0.0,18.3,15.3,22.2,MALMO,2002,6
2002-06-18,900,3.6,0.81,22.0,16.0,27.2,MALMO,2002,6
2002-06-19,901,2.6,0.0,18.9,16.9,23.3,MALMO,2002,6
2002-06-20,902,2.2,0.5,16.7,11.4,22.2,MALMO,2002,6
2002-06-21,903,3.5,0.01,16.5,13.9,20.5,MALMO,2002,6
2002-06-22,904,2.0,0.1,16.5,13.0,21.1,MALMO,2002,6
2002-06-23,905,5.2,0.05,16.5,13.9,19.9,MALMO,2002,6
2002-06-24,906,5.1,0.0,16.6,13.1,20.5,MALMO,2002,6
2002-06-25,907,4.5,0.0,16.1,13.4,19.7,MALMO,2002,6
2002-06-26,908,3.9,0.04,16.3,13.5,19.4,MALMO,2002,6
2002-06-27,909,4.2,0.64,15.0,11.8,18.2,MALMO,2002,6
2002-06-28,910,4.1,1.4,14.4,11.7,17.7,MALMO,2002,6
2002-06-29,911,5.7,0.1,14.4,11.0,17.4,MALMO,2002,6
2002-06-30,912,4.4,0.53,14.4,11.5,18.6,MALMO,2002,6
2002-07-01,913,3.1,0.55,14.4,11.8,16.8,MALMO,2002,7
2002-07-02,914,3.3,0.0,15.2,13.2,18.6,MALMO,2002,7
2002-07-03,915,2.8,0.31,14.6,12.6,16.7,MALMO,2002,7
2002-07-04,916,3.2,0.0,16.5,12.1,20.6,MALMO,2002,7
2002-07-05,917,3.5,0.0,15.5,12.4,18.6,MALMO,2002,7
2002-07-06,918,0.9,0.15,16.1,13.8,19.6,MALMO,2002,7
2002-07-07,919,2.0,0.04,16.1,12.9,19.8,MALMO,2002,7
2002-07-08,920,3.1,0.0,18.0,13.5,22.0,MALMO,2002,7
2002-07-09,921,4.3,0.0,22.3,16.7,27.2,MALMO,2002,7
2002-07-10,922,3.5,0.0,23.3,19.1,27.7,MALMO,2002,7
2002-07-11,923,3.5,0.0,18.0,14.9,26.6,MALMO,2002,7
2002-07-12,924,1.0,0.0,17.6,11.4,22.9,MALMO,2002,7
2002-07-13,925,2.8,0.0,17.8,11.8,23.6,MALMO,2002,7
2002-07-14,926,2.3,0.0,18.4,12.0,24.6,MALMO,2002,7
2002-07-15,927,1.1,0.0,20.9,15.2,26.4,MALMO,2002,7
2002-07-16,928,1.7,0.0,20.8,11.5,27.0,MALMO,2002,7
2002-07-17,929,2.9,1.09,20.6,12.9,28.0,MALMO,2002,7
2002-07-18,930,2.6,0.0,18.6,15.9,22.1,MALMO,2002,7
2002-07-19,931,0.6,0.0,18.2,15.2,21.8,MALMO,2002,7
2002-07-20,932,2.8,0.0,19.5,17.7,23.1,MALMO,2002,7
2002-07-21,933,1.5,0.37,16.5,12.6,21.4,MALMO,2002,7
2002-07-22,934,5.3,2.78,14.4,13.7,15.7,MALMO,2002,7
2002-07-23,935,5.1,0.29,16.7,12.2,21.1,MALMO,2002,7
2002-07-24,936,5.0,0.0,16.3,14.1,19.4,MALMO,2002,7
2002-07-25,937,4.8,0.0,16.3,13.3,20.5,MALMO,2002,7
2002-07-26,938,2.8,0.0,15.8,13.3,17.6,MALMO,2002,7
2002-07-27,939,2.0,0.0,18.3,14.2,22.3,MALMO,2002,7
2002-07-28,940,1.8,0.0,20.4,13.1,26.0,MALMO,2002,7
2002-07-29,941,1.8,0.0,22.6,13.4,29.9,MALMO,2002,7
2002-07-30,942,2.9,0.0,22.2,17.3,27.4,MALMO,2002,7
2002-07-31,943,2.0,0.84,22.9,14.8,30.1,MALMO,2002,7
2002-08-01,944,2.5,0.69,24.2,19.3,30.4,MALMO,2002,8
2002-08-02,945,3.2,0.86,21.6,19.4,26.1,MALMO,2002,8
2002-08-03,946,2.2,2.1,19.0,18.5,20.0,MALMO,2002,8
2002-08-04,947,1.9,0.0,19.2,15.8,23.4,MALMO,2002,8
2002-08-05,948,3.5,0.0,19.2,13.3,24.7,MALMO,2002,8
2002-08-06,949,3.8,0.0,18.0,14.0,22.6,MALMO,2002,8
2002-08-07,950,1.8,0.0,18.9,12.4,24.8,MALMO,2002,8
2002-08-08,951,1.8,0.0,18.4,11.5,24.6,MALMO,2002,8
2002-08-09,952,2.5,0.0,19.7,13.3,25.8,MALMO,2002,8
2002-08-10,953,2.9,0.1,19.8,16.5,24.0,MALMO,2002,8
2002-08-11,954,2.1,0.85,21.1,16.3,26.1,MALMO,2002,8
2002-08-12,955,2.3,0.05,19.9,17.9,23.3,MALMO,2002,8
2002-08-13,956,5.0,0.0,19.8,19.1,22.0,MALMO,2002,8
2002-08-14,957,3.1,0.0,20.0,16.8,23.4,MALMO,2002,8
2002-08-15,958,2.2,0.0,19.0,12.7,24.6,MALMO,2002,8
2002-08-16,959,1.7,0.0,20.5,16.5,26.3,MALMO,2002,8
2002-08-17,960,1.5,0.0,21.4,14.8,27.6,MALMO,2002,8
2002-08-18,961,2.7,0.0,20.1,14.0,25.7,MALMO,2002,8
2002-08-19,962,4.1,0.0,21.8,16.8,27.2,MALMO,2002,8
2002-08-20,963,3.2,0.0,21.1,15.4,26.7,MALMO,2002,8
2002-08-21,964,2.6,0.0,20.2,11.6,27.3,MALMO,2002,8
2002-08-22,965,1.8,0.0,20.4,14.5,26.3,MALMO,2002,8
2002-08-23,966,2.5,0.0,19.5,11.8,26.8,MALMO,2002,8
2002-08-24,967,3.0,0.0,18.8,10.8,26.0,MALMO,2002,8
2002-08-25,968,2.5,0.0,20.7,15.6,26.3,MALMO,2002,8
2002-08-26,969,2.2,0.0,20.0,14.5,24.8,MALMO,2002,8
2002-08-27,970,1.7,0.0,20.9,16.1,26.7,MALMO,2002,8
2002-08-28,971,1.1,0.0,19.4,14.0,25.7,MALMO,2002,8
2002-08-29,972,1.0,0.0,18.5,12.1,23.8,MALMO,2002,8
2002-08-30,973,2.4,0.0,19.7,16.3,23.5,MALMO,2002,8
2002-08-31,974,4.0,0.0,20.1,17.3,23.4,MALMO,2002,8
2002-09-01,975,2.7,0.0,17.1,13.5,20.6,MALMO,2002,9
2002-09-02,976,0.7,0.0,15.7,7.3,21.6,MALMO,2002,9
2002-09-03,977,2.2,0.0,16.0,6.4,23.2,MALMO,2002,9
2002-09-04,978,4.5,0.0,20.7,15.1,24.4,MALMO,2002,9
2002-09-05,979,1.0,0.0,19.3,14.6,23.8,MALMO,2002,9
2002-09-06,980,1.5,0.0,17.4,8.8,22.8,MALMO,2002,9
2002-09-07,981,2.1,0.0,18.5,14.1,22.5,MALMO,2002,9
2002-09-08,982,2.2,0.0,19.5,15.3,24.8,MALMO,2002,9
2002-09-09,983,2.8,0.0,18.1,12.0,24.2,MALMO,2002,9
2002-09-10,984,1.6,0.0,18.5,13.7,24.5,MALMO,2002,9
2002-09-11,985,1.6,0.0,17.3,11.7,23.2,MALMO,2002,9
2002-09-12,986,1.0,0.0,16.2,7.4,23.0,MALMO,2002,9
2002-09-13,987,1.4,0.0,17.8,9.2,25.2,MALMO,2002,9
2002-09-14,988,3.0,0.0,17.3,14.8,20.7,MALMO,2002,9
2002-09-15,989,2.2,0.0,12.9,7.8,17.8,MALMO,2002,9
2002-09-16,990,0.6,0.0,11.2,3.4,17.7,MALMO,2002,9
2002-09-17,991,2.2,0.0,13.4,4.5,20.1,MALMO,2002,9
2002-09-18,992,2.0,0.0,15.8,12.0,20.6,MALMO,2002,9
2002-09-19,993,0.7,0.0,12.5,4.3,19.6,MALMO,2002,9
2002-09-20,994,2.5,0.15,14.8,10.0,18.5,MALMO,2002,9
2002-09-21,995,1.2,0.15,10.7,5.9,16.1,MALMO,2002,9
2002-09-22,996,3.9,0.1,10.1,9.0,12.7,MALMO,2002,9
2002-09-23,997,2.4,0.0,8.5,5.1,14.5,MALMO,2002,9
2002-09-24,998,2.1,0.0,9.0,-0.3,14.9,MALMO,2002,9
2002-09-25,999,1.5,0.0,13.4,10.6,17.4,MALMO,2002,9
2002-09-26,1000,2.0,0.83,8.6,6.5,14.0,MALMO,2002,9
2002-09-27,1001,1.4,0.04,7.3,1.2,13.4,MALMO,2002,9
2002-09-28,1002,2.3,0.2,10.8,2.1,15.0,MALMO,2002,9
2002-09-29,1003,3.2,0.0,14.3,12.6,16.3,MALMO,2002,9
2002-09-30,1004,3.4,0.0,14.7,12.7,18.1,MALMO,2002,9
2002-10-01,1005,1.1,0.0,13.7,11.6,18.7,MALMO,2002,10
2002-10-02,1006,0.2,0.0,11.0,5.5,19.5,MALMO,2002,10
2002-10-03,1007,0.7,1.15,12.1,5.2,19.3,MALMO,2002,10
2002-10-04,1008,4.2,0.44,13.2,11.2,15.8,MALMO,2002,10
2002-10-05,1009,2.6,0.36,11.5,9.6,15.0,MALMO,2002,10
2002-10-06,1010,3.8,0.0,6.6,4.8,11.0,MALMO,2002,10
2002-10-07,1011,2.3,0.06,3.5,-0.7,8.3,MALMO,2002,10
2002-10-08,1012,2.5,0.0,6.3,2.9,8.1,MALMO,2002,10
2002-10-09,1013,2.1,0.0,4.8,1.5,10.6,MALMO,2002,10
2002-10-10,1014,1.9,0.0,3.6,-0.2,10.5,MALMO,2002,10
2002-10-11,1015,3.5,0.07,4.2,-1.1,9.9,MALMO,2002,10
2002-10-12,1016,4.1,0.0,5.9,3.4,8.1,MALMO,2002,10
2002-10-13,1017,4.5,0.43,6.6,6.0,7.6,MALMO,2002,10
2002-10-14,1018,2.0,0.15,4.5,3.4,6.0,MALMO,2002,10
2002-10-15,1019,1.5,0.0,4.5,2.6,8.2,MALMO,2002,10
2002-10-16,1020,1.8,1.54,5.6,2.1,7.6,MALMO,2002,10
2002-10-17,1021,3.2,1.03,7.8,5.6,10.5,MALMO,2002,10
2002-10-18,1022,2.2,1.21,3.3,2.2,5.6,MALMO,2002,10
2002-10-19,1023,3.1,0.01,2.7,0.5,5.5,MALMO,2002,10
2002-10-20,1024,1.7,0.2,2.7,-3.7,9.0,MALMO,2002,10
2002-10-21,1025,1.7,0.99,3.4,-1.2,6.2,MALMO,2002,10
2002-10-22,1026,3.8,0.49,6.7,4.6,7.7,MALMO,2002,10
2002-10-23,1027,4.2,0.49,10.8,7.7,12.3,MALMO,2002,10
2002-10-24,1028,4.1,0.0,7.3,5.9,9.9,MALMO,2002,10
2002-10-25,1029,4.6,0.91,8.9,6.3,10.0,MALMO,2002,10
2002-10-26,1030,4.2,0.45,9.7,8.8,11.2,MALMO,2002,10
2002-10-27,1031,4.6,1.18,8.5,7.0,10.6,MALMO,2002,10
2002-10-28,1032,7.8,0.0,8.1,6.3,10.2,MALMO,2002,10
2002-10-29,1033,3.2,0.01,7.2,5.4,9.6,MALMO,2002,10
2002-10-30,1034,1.4,0.0,6.2,4.5,9.8,MALMO,2002,10
2002-10-31,1035,2.1,0.0,4.0,-2.1,8.5,MALMO,2002,10
2002-11-01,1036,3.2,0.0,7.3,5.9,8.7,MALMO,2002,11
2002-11-02,1037,2.1,0.0,0.7,-2.1,7.4,MALMO,2002,11
2002-11-03,1038,3.9,0.0,2.4,-3.0,6.1,MALMO,2002,11
2002-11-04,1039,2.2,0.0,3.7,2.5,6.6,MALMO,2002,11
2002-11-05,1040,0.5,0.0,3.5,2.0,5.0,MALMO,2002,11
2002-11-06,1041,3.7,0.0,1.8,-0.4,4.1,MALMO,2002,11
2002-11-07,1042,2.0,0.0,2.3,1.5,2.9,MALMO,2002,11
2002-11-08,1043,2.0,0.0,5.2,1.3,8.1,MALMO,2002,11
2002-11-09,1044,3.2,0.0,5.0,4.1,6.6,MALMO,2002,11
2002-11-10,1045,1.4,0.0,0.8,-1.6,4.2,MALMO,2002,11
2002-11-11,1046,3.5,0.02,0.1,-3.6,1.6,MALMO,2002,11
2002-11-12,1047,3.2,0.07,5.0,-0.2,7.7,MALMO,2002,11
2002-11-13,1048,2.6,0.39,7.9,7.2,8.4,MALMO,2002,11
2002-11-14,1049,2.5,0.04,7.6,5.3,9.1,MALMO,2002,11
2002-11-15,1050,0.5,0.0,7.4,6.0,8.5,MALMO,2002,11
2002-11-16,1051,2.5,1.49,7.0,6.4,8.2,MALMO,2002,11
2002-11-17,1052,3.5,1.3,5.5,5.0,6.9,MALMO,2002,11
2002-11-18,1053,2.2,0.0,5.9,3.9,8.3,MALMO,2002,11
2002-11-19,1054,1.8,0.0,0.1,-1.4,5.3,MALMO,2002,11
2002-11-20,1055,1.4,0.0,0.0,-3.0,1.7,MALMO,2002,11
2002-11-21,1056,1.7,0.0,-1.1,-3.9,1.4,MALMO,2002,11
2002-11-22,1057,5.5,0.0,3.8,-1.0,5.3,MALMO,2002,11
2002-11-23,1058,5.0,1.58,5.7,4.7,6.1,MALMO,2002,11
2002-11-24,1059,2.3,0.14,5.8,5.1,6.8,MALMO,2002,11
2002-11-25,1060,3.5,0.0,7.0,5.7,8.0,MALMO,2002,11
2002-11-26,1061,4.0,0.0,6.7,5.9,7.9,MALMO,2002,11
2002-11-27,1062,1.8,0.0,3.7,-0.1,8.0,MALMO,2002,11
2002-11-28,1063,4.6,0.08,4.8,0.1,5.7,MALMO,2002,11
2002-11-29,1064,5.7,0.02,5.7,4.9,6.2,MALMO,2002,11
2002-11-30,1065,4.6,0.09,3.3,2.6,5.7,MALMO,2002,11
2002-12-01,1066,2.1,0.06,1.6,0.4,2.6,MALMO,2002,12
2002-12-02,1067,4.4,0.0,4.9,1.7,6.4,MALMO,2002,12
2002-12-03,1068,4.6,0.03,4.7,3.9,5.6,MALMO,2002,12
2002-12-04,1069,4.5,0.16,2.1,0.5,4.1,MALMO,2002,12
2002-12-05,1070,3.6,0.0,1.4,0.2,3.0,MALMO,2002,12
2002-12-06,1071,5.5,0.0,1.2,0.4,1.8,MALMO,2002,12
2002-12-07,1072,6.6,0.0,0.8,0.2,2.0,MALMO,2002,12
2002-12-08,1073,3.6,0.0,0.5,-0.1,1.9,MALMO,2002,12
2002-12-09,1074,1.6,0.0,-0.8,-1.0,0.0,MALMO,2002,12
2002-12-10,1075,0.8,0.0,-2.8,-5.0,-0.6,MALMO,2002,12
2002-12-11,1076,0.8,0.0,-2.8,-6.0,-0.7,MALMO,2002,12
2002-12-12,1077,1.0,0.0,-3.8,-6.2,-1.0,MALMO,2002,12
2002-12-13,1078,0.3,0.0,-5.2,-7.5,-3.5,MALMO,2002,12
2002-12-14,1079,1.5,0.0,-1.4,-4.9,1.6,MALMO,2002,12
2002-12-15,1080,4.9,0.0,0.5,-0.9,1.9,MALMO,2002,12
2002-12-16,1081,4.0,0.0,-0.2,-1.4,0.8,MALMO,2002,12
2002-12-17,1082,2.0,0.0,0.2,-1.5,0.8,MALMO,2002,12
2002-12-18,1083,2.0,0.0,0.8,-2.3,4.3,MALMO,2002,12
2002-12-19,1084,1.8,0.0,-3.3,-7.8,0.4,MALMO,2002,12
2002-12-20,1085,4.2,0.1,1.3,-0.1,2.0,MALMO,2002,12
2002-12-21,1086,1.5,0.05,1.3,-0.7,3.0,MALMO,2002,12
2002-12-22,1087,2.0,0.0,-5.2,-7.9,-0.3,MALMO,2002,12
2002-12-23,1088,3.0,0.0,-2.9,-4.8,0.1,MALMO,2002,12
2002-12-24,1089,7.1,0.0,-1.3,-3.8,-0.1,MALMO,2002,12
2002-12-25,1090,5.2,0.0,-0.7,-1.7,0.0,MALMO,2002,12
2002-12-26,1091,3.5,0.2,0.7,-0.7,1.6,MALMO,2002,12
2002-12-27,1092,4.0,1.2,1.9,0.5,3.1,MALMO,2002,12
2002-12-28,1093,2.8,0.75,3.4,2.7,4.4,MALMO,2002,12
2002-12-29,1094,2.9,0.05,2.1,0.3,5.4,MALMO,2002,12
2002-12-30,1095,4.1,0.0,-4.5,-6.1,0.6,MALMO,2002,12
2002-12-31,1096,0.8,0.0,-10.4,-12.1,-6.1,MALMO,2002,12
2003-01-01,1097,1.8,0.35,-5.7,-11.3,-3.6,MALMO,2003,1
2003-01-02,1098,3.5,0.05,-2.2,-4.9,-1.0,MALMO,2003,1
2003-01-03,1099,3.0,0.05,-4.2,-5.6,-2.7,MALMO,2003,1
2003-01-04,1100,1.2,0.0,-11.5,-13.4,-5.5,MALMO,2003,1
2003-01-05,1101,3.4,0.8,-6.0,-16.9,-2.0,MALMO,2003,1
2003-01-06,1102,2.4,0.05,-10.8,-16.2,-3.4,MALMO,2003,1
2003-01-07,1103,1.0,0.05,-5.7,-19.5,-2.3,MALMO,2003,1
2003-01-08,1104,1.2,0.0,-3.5,-4.1,-1.9,MALMO,2003,1
2003-01-09,1105,1.5,0.0,-3.7,-5.0,-3.2,MALMO,2003,1
2003-01-10,1106,0.8,0.0,-6.6,-12.7,-1.7,MALMO,2003,1
2003-01-11,1107,3.3,0.0,-8.0,-19.0,-0.1,MALMO,2003,1
2003-01-12,1108,5.7,0.4,2.5,-0.1,3.8,MALMO,2003,1
2003-01-13,1109,3.8,0.06,3.4,0.6,4.4,MALMO,2003,1
2003-01-14,1110,6.0,0.04,5.1,2.2,6.8,MALMO,2003,1
2003-01-15,1111,5.8,0.0,5.0,4.2,6.3,MALMO,2003,1
2003-01-16,1112,6.4,0.0,5.5,4.0,7.4,MALMO,2003,1
2003-01-17,1113,4.2,0.0,3.5,2.2,5.2,MALMO,2003,1
2003-01-18,1114,4.1,0.01,2.9,1.1,4.0,MALMO,2003,1
2003-01-19,1115,4.0,0.35,2.3,0.8,3.9,MALMO,2003,1
2003-01-20,1116,3.3,0.0,3.7,0.7,4.4,MALMO,2003,1
2003-01-21,1117,3.2,0.38,3.7,2.8,5.3,MALMO,2003,1
2003-01-22,1118,3.0,0.0,1.4,0.7,3.9,MALMO,2003,1
2003-01-23,1119,1.0,0.0,2.4,-0.3,5.5,MALMO,2003,1
2003-01-24,1120,2.0,0.0,2.5,1.8,3.3,MALMO,2003,1
2003-01-25,1121,4.3,0.08,3.1,2.1,3.6,MALMO,2003,1
2003-01-26,1122,4.4,0.11,4.6,2.5,6.2,MALMO,2003,1
2003-01-27,1123,4.9,0.84,7.0,4.0,9.8,MALMO,2003,1
2003-01-28,1124,5.3,0.79,4.4,3.3,8.2,MALMO,2003,1
2003-01-29,1125,2.2,0.0,0.8,-0.4,3.3,MALMO,2003,1
2003-01-30,1126,3.0,0.0,-4.4,-6.2,-0.4,MALMO,2003,1
2003-01-31,1127,1.5,0.0,-7.6,-9.1,-4.8,MALMO,2003,1
2003-02-01,1128,3.1,0.0,-5.1,-11.5,-1.6,MALMO,2003,2
2003-02-02,1129,5.5,0.22,-1.4,-2.6,-0.1,MALMO,2003,2
2003-02-03,1130,3.1,0.3,1.1,-0.4,1.8,MALMO,2003,2
2003-02-04,1131,0.5,0.21,0.6,-0.2,1.6,MALMO,2003,2
2003-02-05,1132,0.8,0.0,-2.3,-4.2,0.4,MALMO,2003,2
2003-02-06,1133,1.6,0.0,-6.4,-10.7,-1.4,MALMO,2003,2
2003-02-07,1134,1.7,0.3,-2.1,-9.3,0.7,MALMO,2003,2
2003-02-08,1135,3.2,0.0,0.1,-0.8,1.2,MALMO,2003,2
2003-02-09,1136,3.2,0.0,-1.8,-2.4,-0.1,MALMO,2003,2
2003-02-10,1137,1.6,0.0,-3.7,-8.1,0.2,MALMO,2003,2
2003-02-11,1138,2.2,0.0,-2.0,-2.3,-1.2,MALMO,2003,2
2003-02-12,1139,0.8,0.0,-4.1,-7.0,0.6,MALMO,2003,2
2003-02-13,1140,0.3,0.0,-5.9,-10.3,-2.2,MALMO,2003,2
2003-02-14,1141,2.0,0.0,-2.4,-7.0,-1.2,MALMO,2003,2
2003-02-15,1142,1.5,0.0,-2.0,-4.8,1.6,MALMO,2003,2
2003-02-16,1143,0.7,0.0,-6.8,-11.1,0.1,MALMO,2003,2
2003-02-17,1144,1.9,0.0,-2.4,-9.5,0.0,MALMO,2003,2
2003-02-18,1145,0.8,0.0,-4.0,-7.3,0.6,MALMO,2003,2
2003-02-19,1146,1.0,0.0,-2.4,-6.6,2.8,MALMO,2003,2
2003-02-20,1147,1.0,0.0,-3.2,-10.0,5.3,MALMO,2003,2
2003-02-21,1148,3.5,0.0,-0.3,-3.4,0.5,MALMO,2003,2
2003-02-22,1149,2.6,0.0,-0.6,-1.4,1.9,MALMO,2003,2
2003-02-23,1150,1.8,0.0,-1.0,-4.8,3.4,MALMO,2003,2
2003-02-24,1151,1.4,0.0,-1.6,-4.6,3.4,MALMO,2003,2
2003-02-25,1152,0.6,0.0,-2.9,-7.8,2.0,MALMO,2003,2
2003-02-26,1153,2.8,0.0,-1.3,-6.2,4.9,MALMO,2003,2
2003-02-27,1154,2.7,0.0,-1.3,-2.8,0.1,MALMO,2003,2
2003-02-28,1155,1.2,0.0,-2.6,-3.3,-1.4,MALMO,2003,2
2003-03-01,1156,4.8,0.0,-1.7,-3.3,-0.3,MALMO,2003,3
2003-03-02,1157,6.1,0.0,-1.7,-2.0,-1.1,MALMO,2003,3
2003-03-03,1158,4.8,0.0,-2.4,-3.0,-1.7,MALMO,2003,3
2003-03-04,1159,2.5,0.0,-0.7,-2.4,1.4,MALMO,2003,3
2003-03-05,1160,5.0,0.0,-0.5,-5.1,1.7,MALMO,2003,3
2003-03-06,1161,6.1,0.19,0.0,-1.3,1.2,MALMO,2003,3
2003-03-07,1162,2.1,0.04,1.4,-0.5,3.4,MALMO,2003,3
2003-03-08,1163,4.3,0.08,1.9,-0.3,4.8,MALMO,2003,3
2003-03-09,1164,2.1,0.02,4.2,2.4,5.6,MALMO,2003,3
2003-03-10,1165,3.7,0.0,6.5,4.2,9.9,MALMO,2003,3
2003-03-11,1166,3.7,0.33,5.3,3.7,7.6,MALMO,2003,3
2003-03-12,1167,2.7,0.0,5.2,4.0,7.3,MALMO,2003,3
2003-03-13,1168,2.8,0.0,2.6,0.0,5.7,MALMO,2003,3
2003-03-14,1169,0.9,0.0,2.1,-3.3,8.3,MALMO,2003,3
2003-03-15,1170,0.8,0.0,2.6,-3.4,8.7,MALMO,2003,3
2003-03-16,1171,3.0,0.0,6.2,-1.1,12.1,MALMO,2003,3
2003-03-17,1172,3.4,0.0,5.4,2.5,9.6,MALMO,2003,3
2003-03-18,1173,2.2,0.0,5.9,1.9,12.1,MALMO,2003,3
2003-03-19,1174,2.3,0.0,2.4,0.1,5.1,MALMO,2003,3
2003-03-20,1175,3.1,0.0,1.0,-1.4,6.7,MALMO,2003,3
2003-03-21,1176,1.4,0.0,-1.9,-6.0,2.5,MALMO,2003,3
2003-03-22,1177,2.0,0.0,0.7,-5.5,5.1,MALMO,2003,3
2003-03-23,1178,1.9,0.0,5.2,-3.0,11.2,MALMO,2003,3
2003-03-24,1179,1.3,0.03,5.2,-3.3,13.4,MALMO,2003,3
2003-03-25,1180,1.5,0.0,6.6,2.2,12.5,MALMO,2003,3
2003-03-26,1181,0.6,0.0,3.9,-2.7,11.7,MALMO,2003,3
2003-03-27,1182,0.6,0.0,4.9,-3.0,13.8,MALMO,2003,3
2003-03-28,1183,0.8,0.0,5.7,-2.0,13.6,MALMO,2003,3
2003-03-29,1184,1.4,0.0,6.3,-1.7,13.3,MALMO,2003,3
2003-03-30,1185,4.6,0.21,7.1,3.5,12.6,MALMO,2003,3
2003-03-31,1186,4.0,0.0,5.7,2.0,9.5,MALMO,2003,3
2003-04-01,1187,3.5,0.15,5.5,-2.4,10.1,MALMO,2003,4
2003-04-02,1188,3.0,0.0,6.0,5.0,9.6,MALMO,2003,4
2003-04-03,1189,4.8,0.0,5.1,3.6,7.6,MALMO,2003,4
2003-04-04,1190,3.8,0.0,4.9,-0.4,8.8,MALMO,2003,4
2003-04-05,1191,4.7,0.0,4.3,0.9,7.5,MALMO,2003,4
2003-04-06,1192,4.2,0.0,1.8,-0.9,5.5,MALMO,2003,4
2003-04-07,1193,2.5,0.0,1.1,-3.2,5.6,MALMO,2003,4
2003-04-08,1194,2.1,0.0,0.1,-3.8,4.6,MALMO,2003,4
2003-04-09,1195,3.2,0.15,-0.6,-4.5,2.5,MALMO,2003,4
2003-04-10,1196,2.7,0.87,1.4,0.4,3.6,MALMO,2003,4
2003-04-11,1197,3.2,0.02,2.9,0.4,5.6,MALMO,2003,4
2003-04-12,1198,2.2,0.0,6.5,1.9,10.3,MALMO,2003,4
2003-04-13,1199,1.4,0.0,7.2,3.2,10.9,MALMO,2003,4
2003-04-14,1200,3.0,0.0,6.7,-2.2,14.1,MALMO,2003,4
2003-04-15,1201,3.2,0.0,8.9,2.6,15.8,MALMO,2003,4
2003-04-16,1202,1.0,0.0,9.6,0.7,17.9,MALMO,2003,4
2003-04-17,1203,2.0,0.0,9.7,0.5,17.3,MALMO,2003,4
2003-04-18,1204,3.8,0.0,6.2,2.7,11.6,MALMO,2003,4
2003-04-19,1205,5.9,0.0,8.2,2.8,14.7,MALMO,2003,4
2003-04-20,1206,6.3,0.0,9.9,3.8,16.1,MALMO,2003,4
2003-04-21,1207,3.8,0.0,10.9,2.2,18.3,MALMO,2003,4
2003-04-22,1208,1.6,0.0,10.5,1.1,18.6,MALMO,2003,4
2003-04-23,1209,1.3,0.0,10.8,0.9,18.2,MALMO,2003,4
2003-04-24,1210,2.8,0.0,8.9,2.4,14.9,MALMO,2003,4
2003-04-25,1211,5.6,0.0,6.7,1.9,11.8,MALMO,2003,4
2003-04-26,1212,7.0,0.99,7.0,3.8,9.3,MALMO,2003,4
2003-04-27,1213,6.0,0.14,9.8,7.2,12.6,MALMO,2003,4
2003-04-28,1214,3.9,0.36,11.8,8.2,15.8,MALMO,2003,4
2003-04-29,1215,4.3,0.0,12.7,10.1,17.3,MALMO,2003,4
2003-04-30,1216,3.9,1.71,12.5,8.0,18.0,MALMO,2003,4
2003-05-01,1217,5.3,0.41,10.2,9.0,12.8,MALMO,2003,5
2003-05-02,1218,3.1,0.46,10.8,7.4,15.1,MALMO,2003,5
2003-05-03,1219,5.1,0.09,10.4,8.9,13.2,MALMO,2003,5
2003-05-04,1220,3.5,0.0,11.3,7.6,15.8,MALMO,2003,5
2003-05-05,1221,6.0,0.0,15.2,9.0,21.0,MALMO,2003,5
2003-05-06,1222,2.9,0.04,12.1,11.0,17.4,MALMO,2003,5
2003-05-07,1223,3.3,0.0,11.1,8.1,14.7,MALMO,2003,5
2003-05-08,1224,3.0,0.0,12.5,6.6,17.9,MALMO,2003,5
2003-05-09,1225,2.2,0.0,12.1,8.1,16.3,MALMO,2003,5
2003-05-10,1226,1.7,0.0,12.6,9.3,16.4,MALMO,2003,5
2003-05-11,1227,1.9,0.0,12.8,6.2,18.3,MALMO,2003,5
2003-05-12,1228,3.1,0.53,12.9,11.0,16.6,MALMO,2003,5
2003-05-13,1229,2.5,0.0,11.1,7.9,14.3,MALMO,2003,5
2003-05-14,1230,3.3,0.06,9.6,5.0,13.4,MALMO,2003,5
2003-05-15,1231,4.3,0.0,9.6,7.4,12.7,MALMO,2003,5
2003-05-16,1232,3.0,0.0,9.3,5.8,12.9,MALMO,2003,5
2003-05-17,1233,3.1,0.0,10.0,2.1,15.4,MALMO,2003,5
2003-05-18,1234,3.0,0.38,13.5,10.3,18.4,MALMO,2003,5
2003-05-19,1235,1.7,0.68,11.8,9.0,15.8,MALMO,2003,5
2003-05-20,1236,2.9,0.16,12.6,10.2,15.4,MALMO,2003,5
2003-05-21,1237,3.0,0.01,12.4,8.5,16.1,MALMO,2003,5
2003-05-22,1238,2.5,1.01,12.5,7.5,16.6,MALMO,2003,5
2003-05-23,1239,3.2,0.77,13.2,11.5,16.7,MALMO,2003,5
2003-05-24,1240,2.6,0.58,14.8,10.6,18.9,MALMO,2003,5
2003-05-25,1241,1.8,0.0,17.4,11.9,22.7,MALMO,2003,5
2003-05-26,1242,2.5,0.0,14.8,12.9,18.6,MALMO,2003,5
2003-05-27,1243,1.0,0.0,13.9,7.3,18.3,MALMO,2003,5
2003-05-28,1244,1.5,0.0,14.7,6.3,20.0,MALMO,2003,5
2003-05-29,1245,1.1,0.0,15.0,7.8,20.2,MALMO,2003,5
2003-05-30,1246,0.9,0.0,15.6,6.5,22.0,MALMO,2003,5
2003-05-31,1247,2.0,0.0,16.5,10.0,21.4,MALMO,2003,5
2003-06-01,1248,2.2,0.0,15.6,8.7,22.0,MALMO,2003,6
2003-06-02,1249,4.9,0.0,14.4,6.2,20.6,MALMO,2003,6
2003-06-03,1250,3.9,0.0,18.3,10.4,24.5,MALMO,2003,6
2003-06-04,1251,3.6,0.04,19.7,11.5,25.9,MALMO,2003,6
2003-06-05,1252,3.0,0.0,20.2,16.7,24.3,MALMO,2003,6
2003-06-06,1253,4.0,0.0,17.4,14.1,20.7,MALMO,2003,6
2003-06-07,1254,1.9,0.03,18.2,14.5,21.6,MALMO,2003,6
2003-06-08,1255,2.6,2.09,18.9,12.9,24.2,MALMO,2003,6
2003-06-09,1256,6.2,0.02,15.8,14.7,20.3,MALMO,2003,6
2003-06-10,1257,2.3,0.56,15.8,13.5,19.3,MALMO,2003,6
2003-06-11,1258,4.0,0.0,17.2,11.5,22.2,MALMO,2003,6
2003-06-12,1259,3.5,0.0,16.4,13.2,20.5,MALMO,2003,6
2003-06-13,1260,4.4,0.0,16.6,13.2,20.3,MALMO,2003,6
2003-06-14,1261,3.0,0.0,15.8,12.7,19.4,MALMO,2003,6
2003-06-15,1262,2.8,0.42,14.9,12.5,18.2,MALMO,2003,6
2003-06-16,1263,2.1,0.0,15.6,10.5,19.8,MALMO,2003,6
2003-06-17,1264,2.5,0.0,14.3,7.2,19.2,MALMO,2003,6
2003-06-18,1265,3.7,0.2,15.5,10.2,20.0,MALMO,2003,6
2003-06-19,1266,4.6,0.2,16.6,13.9,20.4,MALMO,2003,6
2003-06-20,1267,6.7,0.5,14.0,10.2,17.8,MALMO,2003,6
2003-06-21,1268,5.2,0.07,14.9,12.7,18.6,MALMO,2003,6
2003-06-22,1269,2.3,0.0,15.1,12.6,18.3,MALMO,2003,6
2003-06-23,1270,3.8,0.48,14.6,9.9,17.7,MALMO,2003,6
2003-06-24,1271,6.5,0.0,15.3,13.5,18.1,MALMO,2003,6
2003-06-25,1272,3.6,0.0,16.2,13.6,19.4,MALMO,2003,6
2003-06-26,1273,1.0,0.0,18.0,8.6,24.1,MALMO,2003,6
2003-06-27,1274,1.2,0.0,19.1,13.3,24.4,MALMO,2003,6
2003-06-28,1275,1.0,0.0,18.2,11.0,24.2,MALMO,2003,6
2003-06-29,1276,1.1,0.63,16.8,11.4,23.9,MALMO,2003,6
2003-06-30,1277,1.9,0.01,15.4,11.6,19.4,MALMO,2003,6
2003-07-01,1278,2.9,0.31,15.5,12.5,18.8,MALMO,2003,7
2003-07-02,1279,1.4,0.0,15.5,10.5,20.8,MALMO,2003,7
2003-07-03,1280,3.3,2.78,16.0,12.9,19.9,MALMO,2003,7
2003-07-04,1281,2.7,1.12,16.1,14.4,18.4,MALMO,2003,7
2003-07-05,1282,3.0,0.0,18.2,15.0,21.3,MALMO,2003,7
2003-07-06,1283,2.8,0.0,16.7,15.2,19.8,MALMO,2003,7
2003-07-07,1284,2.6,0.0,16.6,14.1,19.5,MALMO,2003,7
2003-07-08,1285,2.0,0.0,17.6,12.8,22.9,MALMO,2003,7
2003-07-09,1286,2.8,0.0,18.5,15.5,21.9,MALMO,2003,7
2003-07-10,1287,2.9,0.0,19.4,15.2,23.8,MALMO,2003,7
2003-07-11,1288,2.1,0.79,18.2,11.8,22.8,MALMO,2003,7
2003-07-12,1289,4.5,0.01,16.2,13.2,19.7,MALMO,2003,7
2003-07-13,1290,2.8,0.0,19.0,14.2,23.8,MALMO,2003,7
2003-07-14,1291,1.0,0.0,20.0,11.8,27.0,MALMO,2003,7
2003-07-15,1292,1.3,0.01,20.9,14.3,27.4,MALMO,2003,7
2003-07-16,1293,3.2,0.0,21.5,16.4,26.1,MALMO,2003,7
2003-07-17,1294,2.3,3.16,22.3,16.1,27.8,MALMO,2003,7
2003-07-18,1295,1.4,0.55,19.2,17.7,23.2,MALMO,2003,7
2003-07-19,1296,1.5,0.0,19.5,14.2,24.6,MALMO,2003,7
2003-07-20,1297,2.2,0.0,20.4,14.0,25.4,MALMO,2003,7
2003-07-21,1298,2.0,0.07,21.7,18.1,25.9,MALMO,2003,7
2003-07-22,1299,1.6,0.0,20.7,16.3,25.3,MALMO,2003,7
2003-07-23,1300,1.5,0.0,20.1,16.7,23.6,MALMO,2003,7
2003-07-24,1301,2.0,0.0,19.6,12.8,25.2,MALMO,2003,7
2003-07-25,1302,1.5,0.0,20.5,16.9,24.5,MALMO,2003,7
2003-07-26,1303,1.9,0.13,19.0,15.0,22.4,MALMO,2003,7
2003-07-27,1304,2.3,0.0,20.1,15.7,24.1,MALMO,2003,7
2003-07-28,1305,2.0,0.0,19.8,17.6,23.0,MALMO,2003,7
2003-07-29,1306,1.2,0.0,18.8,11.3,24.3,MALMO,2003,7
2003-07-30,1307,0.9,0.0,19.6,11.3,25.6,MALMO,2003,7
2003-07-31,1308,0.8,0.0,20.2,11.1,26.9,MALMO,2003,7
2003-08-01,1309,0.8,0.0,21.4,13.9,27.0,MALMO,2003,8
2003-08-02,1310,0.6,0.81,20.7,18.2,23.7,MALMO,2003,8
2003-08-03,1311,1.0,0.0,19.7,14.0,24.6,MALMO,2003,8
2003-08-04,1312,1.7,0.0,18.8,11.2,23.9,MALMO,2003,8
2003-08-05,1313,2.0,0.0,19.0,13.2,24.0,MALMO,2003,8
2003-08-06,1314,1.4,0.0,19.4,11.1,25.8,MALMO,2003,8
2003-08-07,1315,1.2,0.0,20.1,11.0,26.2,MALMO,2003,8
2003-08-08,1316,1.0,0.0,21.4,12.1,28.1,MALMO,2003,8
2003-08-09,1317,1.7,0.0,20.5,13.6,27.2,MALMO,2003,8
2003-08-10,1318,1.5,0.0,20.8,12.5,28.0,MALMO,2003,8
2003-08-11,1319,1.4,0.06,22.1,14.6,27.9,MALMO,2003,8
2003-08-12,1320,1.6,0.0,23.2,18.8,27.8,MALMO,2003,8
2003-08-13,1321,2.1,0.0,22.1,16.5,27.6,MALMO,2003,8
2003-08-14,1322,5.7,0.18,17.6,14.8,23.4,MALMO,2003,8
2003-08-15,1323,6.2,0.0,17.7,15.5,21.2,MALMO,2003,8
2003-08-16,1324,3.6,0.0,19.1,16.3,23.0,MALMO,2003,8
2003-08-17,1325,1.2,0.0,19.3,15.3,23.6,MALMO,2003,8
2003-08-18,1326,2.1,0.03,17.0,9.2,23.6,MALMO,2003,8
2003-08-19,1327,2.2,0.0,19.4,15.4,24.5,MALMO,2003,8
2003-08-20,1328,3.2,0.06,18.0,14.8,22.1,MALMO,2003,8
2003-08-21,1329,2.9,0.12,17.4,14.8,20.1,MALMO,2003,8
2003-08-22,1330,4.0,0.05,17.7,15.8,22.3,MALMO,2003,8
2003-08-23,1331,5.3,0.44,16.7,14.9,20.9,MALMO,2003,8
2003-08-24,1332,3.2,0.0,19.3,15.8,23.4,MALMO,2003,8
2003-08-25,1333,2.2,0.0,16.0,10.1,21.6,MALMO,2003,8
2003-08-26,1334,2.3,0.0,16.2,10.3,21.7,MALMO,2003,8
2003-08-27,1335,3.9,0.16,12.7,9.4,17.2,MALMO,2003,8
2003-08-28,1336,1.5,0.01,13.2,6.2,18.7,MALMO,2003,8
2003-08-29,1337,2.4,1.6,14.5,12.2,18.6,MALMO,2003,8
2003-08-30,1338,2.2,0.02,13.5,10.7,16.9,MALMO,2003,8
2003-08-31,1339,1.7,0.35,13.4,10.7,18.3,MALMO,2003,8
2003-09-01,1340,1.5,0.32,11.2,6.5,16.6,MALMO,2003,9
2003-09-02,1341,1.2,0.0,10.6,2.8,16.9,MALMO,2003,9
2003-09-03,1342,2.7,0.0,14.4,9.3,18.3,MALMO,2003,9
2003-09-04,1343,2.3,0.0,16.5,14.1,20.7,MALMO,2003,9
2003-09-05,1344,0.6,0.0,15.2,8.0,21.6,MALMO,2003,9
2003-09-06,1345,4.0,0.0,16.0,8.9,21.3,MALMO,2003,9
2003-09-07,1346,3.5,0.0,17.3,14.0,20.6,MALMO,2003,9
2003-09-08,1347,5.2,0.0,17.7,14.0,21.7,MALMO,2003,9
2003-09-09,1348,6.7,0.02,18.0,15.1,21.7,MALMO,2003,9
2003-09-10,1349,2.0,1.96,13.5,11.9,16.2,MALMO,2003,9
2003-09-11,1350,1.9,0.0,14.2,8.3,19.4,MALMO,2003,9
2003-09-12,1351,0.8,0.0,14.5,10.2,20.7,MALMO,2003,9
2003-09-13,1352,1.5,0.0,15.9,11.9,19.9,MALMO,2003,9
2003-09-14,1353,0.8,0.0,14.6,9.0,20.0,MALMO,2003,9
2003-09-15,1354,2.2,0.0,15.7,12.0,20.5,MALMO,2003,9
2003-09-16,1355,1.9,0.0,15.6,13.5,20.7,MALMO,2003,9
2003-09-17,1356,1.8,0.0,16.0,12.1,20.5,MALMO,2003,9
2003-09-18,1357,2.0,0.0,17.4,13.6,21.7,MALMO,2003,9
2003-09-19,1358,3.2,0.0,17.8,14.5,20.6,MALMO,2003,9
2003-09-20,1359,2.0,0.0,16.5,12.7,21.7,MALMO,2003,9
2003-09-21,1360,3.8,0.14,16.2,14.3,20.1,MALMO,2003,9
2003-09-22,1361,3.7,0.19,18.1,10.6,23.8,MALMO,2003,9
2003-09-23,1362,5.2,0.0,13.7,11.8,21.2,MALMO,2003,9
2003-09-24,1363,3.5,0.0,12.1,10.1,15.4,MALMO,2003,9
2003-09-25,1364,2.8,0.0,13.6,8.9,17.2,MALMO,2003,9
2003-09-26,1365,2.6,0.04,13.9,9.2,17.4,MALMO,2003,9
2003-09-27,1366,3.8,0.0,12.7,11.3,15.5,MALMO,2003,9
2003-09-28,1367,1.3,0.0,10.1,5.1,15.2,MALMO,2003,9
2003-09-29,1368,1.5,0.3,7.3,2.4,10.1,MALMO,2003,9
2003-09-30,1369,0.6,0.0,9.4,6.6,14.9,MALMO,2003,9
2003-10-01,1370,1.0,0.0,9.3,2.1,15.7,MALMO,2003,10
2003-10-02,1371,1.3,0.0,10.5,7.3,15.5,MALMO,2003,10
2003-10-03,1372,1.2,0.43,10.0,3.4,14.9,MALMO,2003,10
2003-10-04,1373,1.8,0.3,11.6,9.9,14.3,MALMO,2003,10
2003-10-05,1374,1.9,0.0,8.4,4.1,13.7,MALMO,2003,10
2003-10-06,1375,3.2,0.48,9.3,4.9,13.1,MALMO,2003,10
2003-10-07,1376,1.5,0.26,7.9,4.9,11.4,MALMO,2003,10
2003-10-08,1377,2.4,0.45,8.2,1.5,11.7,MALMO,2003,10
2003-10-09,1378,3.9,0.2,10.4,8.1,13.5,MALMO,2003,10
2003-10-10,1379,4.8,0.23,12.6,7.7,15.6,MALMO,2003,10
2003-10-11,1380,5.5,0.2,11.2,10.2,13.5,MALMO,2003,10
2003-10-12,1381,2.8,0.0,9.9,6.8,13.9,MALMO,2003,10
2003-10-13,1382,1.1,0.0,5.1,0.9,10.6,MALMO,2003,10
2003-10-14,1383,1.2,0.0,5.2,-0.9,10.5,MALMO,2003,10
2003-10-15,1384,1.0,0.0,3.6,-2.5,9.5,MALMO,2003,10
2003-10-16,1385,0.2,0.0,2.6,-3.1,11.1,MALMO,2003,10
2003-10-17,1386,1.1,0.0,4.6,-2.6,11.0,MALMO,2003,10
2003-10-18,1387,2.1,0.0,7.7,6.9,8.4,MALMO,2003,10
2003-10-19,1388,2.9,1.79,5.6,4.4,8.7,MALMO,2003,10
2003-10-20,1389,3.3,0.01,3.2,1.1,6.9,MALMO,2003,10
2003-10-21,1390,4.7,0.15,3.8,0.0,6.3,MALMO,2003,10
2003-10-22,1391,2.5,0.0,0.6,-1.9,5.6,MALMO,2003,10
2003-10-23,1392,1.0,0.0,-2.4,-6.8,3.3,MALMO,2003,10
2003-10-24,1393,2.9,0.13,0.0,-8.0,5.6,MALMO,2003,10
2003-10-25,1394,2.9,0.0,5.6,2.5,7.8,MALMO,2003,10
2003-10-26,1395,1.0,0.04,-0.4,-3.1,4.5,MALMO,2003,10
2003-10-27,1396,3.3,0.0,1.2,-6.5,6.3,MALMO,2003,10
2003-10-28,1397,3.8,0.0,7.3,6.3,8.4,MALMO,2003,10
2003-10-29,1398,1.3,0.01,4.2,0.4,7.4,MALMO,2003,10
2003-10-30,1399,0.5,0.73,4.2,-2.7,6.9,MALMO,2003,10
2003-10-31,1400,2.5,0.0,7.1,4.9,8.6,MALMO,2003,10
2003-11-01,1401,4.2,0.07,8.3,7.4,9.1,MALMO,2003,11
2003-11-02,1402,2.8,0.34,8.5,7.4,10.5,MALMO,2003,11
2003-11-03,1403,4.0,0.39,9.3,7.6,10.9,MALMO,2003,11
2003-11-04,1404,3.4,0.0,9.3,8.1,11.8,MALMO,2003,11
2003-11-05,1405,1.5,0.0,7.1,2.9,8.4,MALMO,2003,11
2003-11-06,1406,2.6,0.0,6.4,5.6,8.2,MALMO,2003,11
2003-11-07,1407,1.8,0.0,3.2,-0.8,7.5,MALMO,2003,11
2003-11-08,1408,5.8,0.0,6.4,5.0,7.6,MALMO,2003,11
2003-11-09,1409,6.3,0.0,5.7,4.6,7.4,MALMO,2003,11
2003-11-10,1410,4.4,0.0,5.0,4.3,5.6,MALMO,2003,11
2003-11-11,1411,3.1,0.0,3.9,0.8,7.3,MALMO,2003,11
2003-11-12,1412,3.0,0.0,4.0,2.0,7.9,MALMO,2003,11
2003-11-13,1413,2.4,0.0,3.1,-0.8,5.9,MALMO,2003,11
2003-11-14,1414,2.2,0.0,3.9,1.0,5.8,MALMO,2003,11
2003-11-15,1415,3.0,0.05,6.0,3.6,7.7,MALMO,2003,11
2003-11-16,1416,3.0,0.09,7.5,7.1,8.2,MALMO,2003,11
2003-11-17,1417,3.0,0.0,6.9,6.0,8.9,MALMO,2003,11
2003-11-18,1418,3.1,0.44,7.9,4.5,9.2,MALMO,2003,11
2003-11-19,1419,4.8,1.52,9.3,7.8,11.1,MALMO,2003,11
2003-11-20,1420,2.7,0.83,7.8,6.7,8.5,MALMO,2003,11
2003-11-21,1421,3.0,0.4,8.6,8.1,9.3,MALMO,2003,11
2003-11-22,1422,1.6,0.49,8.1,7.8,8.8,MALMO,2003,11
2003-11-23,1423,2.8,0.15,9.0,7.5,10.6,MALMO,2003,11
2003-11-24,1424,1.8,0.08,3.3,2.4,7.5,MALMO,2003,11
2003-11-25,1425,2.6,0.03,7.0,2.5,9.2,MALMO,2003,11
2003-11-26,1426,3.9,0.99,7.1,1.2,8.7,MALMO,2003,11
2003-11-27,1427,1.0,0.14,7.3,6.2,7.9,MALMO,2003,11
2003-11-28,1428,1.0,0.01,7.3,7.0,8.2,MALMO,2003,11
2003-11-29,1429,1.2,0.02,3.6,-0.1,7.1,MALMO,2003,11
2003-11-30,1430,4.2,0.0,7.0,5.2,7.8,MALMO,2003,11
2003-12-01,1431,4.2,0.0,6.9,5.6,7.9,MALMO,2003,12
2003-12-02,1432,5.2,0.0,6.9,6.3,7.7,MALMO,2003,12
2003-12-03,1433,2.4,0.09,5.7,5.4,6.6,MALMO,2003,12
2003-12-04,1434,1.9,0.0,4.3,3.4,5.5,MALMO,2003,12
2003-12-05,1435,5.0,0.19,8.1,5.3,8.7,MALMO,2003,12
2003-12-06,1436,5.1,0.0,2.1,-0.3,9.8,MALMO,2003,12
2003-12-07,1437,3.5,0.03,-1.0,-6.8,3.8,MALMO,2003,12
2003-12-08,1438,3.2,0.0,6.2,3.8,6.8,MALMO,2003,12
2003-12-09,1439,1.6,0.0,4.3,1.1,6.3,MALMO,2003,12
2003-12-10,1440,2.3,0.0,2.1,-3.1,5.1,MALMO,2003,12
2003-12-11,1441,3.9,0.33,3.0,1.4,4.0,MALMO,2003,12
2003-12-12,1442,2.8,0.03,3.7,2.1,5.4,MALMO,2003,12
2003-12-13,1443,4.1,1.5,5.6,1.7,8.5,MALMO,2003,12
2003-12-14,1444,6.4,0.7,6.5,5.1,8.8,MALMO,2003,12
2003-12-15,1445,6.8,0.2,3.1,0.2,5.8,MALMO,2003,12
2003-12-16,1446,3.3,0.2,0.3,-2.9,4.9,MALMO,2003,12
2003-12-17,1447,4.3,0.03,5.9,-2.8,8.2,MALMO,2003,12
2003-12-18,1448,3.2,0.0,5.9,4.2,8.3,MALMO,2003,12
2003-12-19,1449,3.4,0.01,3.6,2.3,4.5,MALMO,2003,12
2003-12-20,1450,3.3,0.8,4.5,3.5,5.6,MALMO,2003,12
2003-12-21,1451,3.1,0.85,3.8,0.7,7.3,MALMO,2003,12
2003-12-22,1452,4.0,0.0,-2.2,-4.4,3.6,MALMO,2003,12
2003-12-23,1453,1.6,0.0,-0.5,-6.9,2.2,MALMO,2003,12
2003-12-24,1454,5.0,0.4,2.5,0.2,3.1,MALMO,2003,12
2003-12-25,1455,5.0,0.05,5.4,3.1,6.6,MALMO,2003,12
2003-12-26,1456,4.2,0.05,6.7,6.1,7.2,MALMO,2003,12
2003-12-27,1457,5.3,0.0,5.6,4.2,6.9,MALMO,2003,12
2003-12-28,1458,4.4,0.5,4.9,4.1,5.6,MALMO,2003,12
2003-12-29,1459,3.8,0.15,3.4,1.3,6.7,MALMO,2003,12
2003-12-30,1460,1.2,0.25,1.5,-0.3,3.9,MALMO,2003,12
2003-12-31,1461,1.0,0.0,-1.2,-2.9,2.3,MALMO,2003,12
2004-01-01,1462,1.6,0.0,-4.5,-7.3,-2.1,MALMO,2004,1
2004-01-02,1463,2.4,0.0,-3.7,-5.0,-1.8,MALMO,2004,1
2004-01-03,1464,1.2,0.0,-4.6,-7.3,-2.1,MALMO,2004,1
2004-01-04,1465,1.9,0.0,-2.3,-3.6,-0.6,MALMO,2004,1
2004-01-05,1466,0.9,0.0,-6.0,-9.8,-0.3,MALMO,2004,1
2004-01-06,1467,4.8,0.75,-2.0,-6.4,0.1,MALMO,2004,1
2004-01-07,1468,1.1,0.14,2.4,-1.6,3.7,MALMO,2004,1
2004-01-08,1469,3.1,0.0,1.3,0.3,3.2,MALMO,2004,1
2004-01-09,1470,5.0,0.0,-1.1,-2.0,1.2,MALMO,2004,1
2004-01-10,1471,2.0,0.0,-0.9,-2.1,-0.3,MALMO,2004,1
2004-01-11,1472,5.9,1.31,0.7,-0.8,1.6,MALMO,2004,1
2004-01-12,1473,3.2,0.07,3.1,1.6,5.3,MALMO,2004,1
2004-01-13,1474,3.3,1.04,1.8,0.2,3.6,MALMO,2004,1
2004-01-14,1475,1.3,0.14,1.3,0.3,1.9,MALMO,2004,1
2004-01-15,1476,0.5,0.03,-2.4,-5.0,1.8,MALMO,2004,1
2004-01-16,1477,3.2,0.91,1.0,-2.2,2.3,MALMO,2004,1
2004-01-17,1478,3.2,0.0,0.2,-1.4,1.7,MALMO,2004,1
2004-01-18,1479,2.9,0.37,-2.0,-6.3,1.5,MALMO,2004,1
2004-01-19,1480,4.7,0.0,1.5,-0.4,3.4,MALMO,2004,1
2004-01-20,1481,2.9,0.0,-1.3,-2.8,0.7,MALMO,2004,1
2004-01-21,1482,2.0,0.0,-7.0,-9.3,-2.8,MALMO,2004,1
2004-01-22,1483,0.8,0.0,-8.6,-13.6,-3.3,MALMO,2004,1
2004-01-23,1484,2.9,0.0,-2.4,-6.6,-0.7,MALMO,2004,1
2004-01-24,1485,4.5,0.0,-1.6,-2.1,-0.8,MALMO,2004,1
2004-01-25,1486,2.2,0.0,-3.2,-4.1,-1.7,MALMO,2004,1
2004-01-26,1487,1.6,0.0,-4.7,-5.7,-3.3,MALMO,2004,1
2004-01-27,1488,0.8,0.05,-4.2,-6.4,-1.8,MALMO,2004,1
2004-01-28,1489,3.1,0.05,-1.5,-6.3,-0.3,MALMO,2004,1
2004-01-29,1490,2.4,0.7,-1.3,-3.9,0.1,MALMO,2004,1
2004-01-30,1491,2.2,0.3,-2.6,-11.3,-0.1,MALMO,2004,1
2004-01-31,1492,5.7,1.55,1.9,-0.2,2.6,MALMO,2004,1
2004-02-01,1493,4.0,0.03,2.2,0.2,5.4,MALMO,2004,2
2004-02-02,1494,2.7,0.66,3.6,-0.2,5.9,MALMO,2004,2
2004-02-03,1495,3.4,0.86,5.7,2.7,7.6,MALMO,2004,2
2004-02-04,1496,4.2,0.21,7.4,6.6,8.8,MALMO,2004,2
2004-02-05,1497,4.3,0.02,8.0,5.9,9.4,MALMO,2004,2
2004-02-06,1498,3.0,0.32,6.0,5.2,7.8,MALMO,2004,2
2004-02-07,1499,3.9,0.03,4.5,3.2,5.6,MALMO,2004,2
2004-02-08,1500,2.8,0.11,2.5,0.0,6.1,MALMO,2004,2
2004-02-09,1501,5.1,0.0,0.6,-1.1,2.1,MALMO,2004,2
2004-02-10,1502,3.2,0.02,0.8,-1.1,2.6,MALMO,2004,2
2004-02-11,1503,1.7,0.0,-1.7,-2.9,1.0,MALMO,2004,2
2004-02-12,1504,1.3,0.01,-3.0,-7.4,-0.7,MALMO,2004,2
2004-02-13,1505,2.4,0.03,0.5,-0.7,1.7,MALMO,2004,2
2004-02-14,1506,2.9,0.0,0.7,-0.8,1.9,MALMO,2004,2
2004-02-15,1507,1.9,0.0,1.0,-1.8,3.7,MALMO,2004,2
2004-02-16,1508,1.5,0.01,0.4,-3.4,2.6,MALMO,2004,2
2004-02-17,1509,4.6,0.07,4.1,1.3,5.7,MALMO,2004,2
2004-02-18,1510,3.0,0.0,2.3,0.6,5.1,MALMO,2004,2
2004-02-19,1511,1.0,0.0,-2.0,-4.1,2.4,MALMO,2004,2
2004-02-20,1512,0.7,0.0,-2.9,-6.7,2.9,MALMO,2004,2
2004-02-21,1513,2.3,0.0,-0.7,-4.3,3.0,MALMO,2004,2
2004-02-22,1514,2.1,0.01,-0.1,-3.1,2.9,MALMO,2004,2
2004-02-23,1515,3.4,0.0,-0.8,-1.7,1.0,MALMO,2004,2
2004-02-24,1516,3.4,0.29,-0.8,-6.7,0.9,MALMO,2004,2
2004-02-25,1517,4.0,0.11,0.5,-0.6,3.1,MALMO,2004,2
2004-02-26,1518,4.5,0.1,0.4,-0.4,1.3,MALMO,2004,2
2004-02-27,1519,1.8,0.03,0.2,-1.1,2.2,MALMO,2004,2
2004-02-28,1520,1.5,0.0,-1.5,-3.8,3.2,MALMO,2004,2
2004-02-29,1521,1.2,0.0,-2.2,-5.8,2.3,MALMO,2004,2
2004-03-01,1522,2.8,0.0,1.8,-4.8,4.5,MALMO,2004,3
2004-03-02,1523,3.0,0.0,3.3,-0.9,6.8,MALMO,2004,3
2004-03-03,1524,2.6,0.0,-0.8,-2.3,3.4,MALMO,2004,3
2004-03-04,1525,2.0,0.0,-2.9,-5.9,1.6,MALMO,2004,3
2004-03-05,1526,1.8,0.0,-2.2,-5.6,2.0,MALMO,2004,3
2004-03-06,1527,2.1,0.0,-2.0,-6.3,2.5,MALMO,2004,3
2004-03-07,1528,1.4,0.0,0.5,-1.8,3.1,MALMO,2004,3
2004-03-08,1529,2.5,0.0,1.3,-1.8,5.2,MALMO,2004,3
2004-03-09,1530,3.3,0.0,1.3,-1.6,4.1,MALMO,2004,3
2004-03-10,1531,4.9,0.0,0.8,-0.9,2.5,MALMO,2004,3
2004-03-11,1532,4.9,0.0,2.3,0.7,4.8,MALMO,2004,3
2004-03-12,1533,6.9,0.0,2.1,0.3,4.8,MALMO,2004,3
2004-03-13,1534,5.7,0.75,2.6,1.1,4.1,MALMO,2004,3
2004-03-14,1535,2.7,0.24,6.3,1.8,10.9,MALMO,2004,3
2004-03-15,1536,4.5,0.0,7.8,5.9,10.7,MALMO,2004,3
2004-03-16,1537,5.0,0.0,8.9,6.8,11.9,MALMO,2004,3
2004-03-17,1538,2.6,0.0,10.5,6.7,15.7,MALMO,2004,3
2004-03-18,1539,2.5,1.11,8.0,4.4,13.0,MALMO,2004,3
2004-03-19,1540,4.5,0.53,7.8,5.2,9.5,MALMO,2004,3
2004-03-20,1541,6.7,1.14,5.9,4.2,8.0,MALMO,2004,3
2004-03-21,1542,6.9,0.86,4.8,2.9,9.0,MALMO,2004,3
2004-03-22,1543,3.8,0.21,5.7,3.5,8.5,MALMO,2004,3
2004-03-23,1544,2.0,0.09,5.2,3.4,8.6,MALMO,2004,3
2004-03-24,1545,2.3,0.0,2.7,-0.9,5.2,MALMO,2004,3
2004-03-25,1546,3.3,0.03,1.5,-0.2,4.9,MALMO,2004,3
2004-03-26,1547,2.7,0.0,0.8,-1.4,4.4,MALMO,2004,3
2004-03-27,1548,3.8,0.1,2.6,-3.0,4.9,MALMO,2004,3
2004-03-28,1549,2.5,0.15,5.4,3.2,9.2,MALMO,2004,3
2004-03-29,1550,1.9,0.0,6.7,5.2,10.2,MALMO,2004,3
2004-03-30,1551,0.7,0.0,5.2,-1.3,11.4,MALMO,2004,3
2004-03-31,1552,2.8,0.0,6.5,-1.7,14.1,MALMO,2004,3
2004-04-01,1553,6.6,0.0,4.0,1.0,9.9,MALMO,2004,4
2004-04-02,1554,7.5,0.0,3.4,0.0,8.0,MALMO,2004,4
2004-04-03,1555,5.4,0.23,5.5,2.0,9.6,MALMO,2004,4
2004-04-04,1556,2.8,0.25,7.8,5.3,11.4,MALMO,2004,4
2004-04-05,1557,2.6,0.0,5.7,2.9,9.5,MALMO,2004,4
2004-04-06,1558,2.5,1.06,3.5,1.8,6.5,MALMO,2004,4
2004-04-07,1559,2.2,0.0,4.8,2.2,8.6,MALMO,2004,4
2004-04-08,1560,2.2,0.29,3.8,1.1,5.6,MALMO,2004,4
2004-04-09,1561,2.7,0.03,6.9,-0.8,12.7,MALMO,2004,4
2004-04-10,1562,3.7,0.0,6.7,5.1,9.5,MALMO,2004,4
2004-04-11,1563,2.5,0.0,5.4,-2.1,10.8,MALMO,2004,4
2004-04-12,1564,1.6,0.0,8.0,6.5,11.5,MALMO,2004,4
2004-04-13,1565,0.9,0.0,6.8,-1.2,12.8,MALMO,2004,4
2004-04-14,1566,2.1,0.0,8.2,1.2,14.2,MALMO,2004,4
2004-04-15,1567,2.5,0.0,9.7,4.1,15.6,MALMO,2004,4
2004-04-16,1568,1.7,0.0,10.6,0.7,18.8,MALMO,2004,4
2004-04-17,1569,3.5,0.0,11.4,2.9,16.9,MALMO,2004,4
2004-04-18,1570,5.8,0.0,11.2,7.9,15.6,MALMO,2004,4
2004-04-19,1571,4.2,0.11,12.4,8.1,18.3,MALMO,2004,4
2004-04-20,1572,2.0,0.12,10.4,7.4,14.8,MALMO,2004,4
2004-04-21,1573,1.3,0.0,10.9,5.2,15.9,MALMO,2004,4
2004-04-22,1574,1.5,0.0,10.4,2.5,16.4,MALMO,2004,4
2004-04-23,1575,1.5,0.04,8.7,6.4,12.5,MALMO,2004,4
2004-04-24,1576,1.6,0.0,10.1,8.0,14.0,MALMO,2004,4
2004-04-25,1577,1.2,0.85,9.3,1.5,14.8,MALMO,2004,4
2004-04-26,1578,3.0,0.01,9.1,7.6,11.3,MALMO,2004,4
2004-04-27,1579,3.4,0.0,8.8,3.6,12.5,MALMO,2004,4
2004-04-28,1580,4.2,0.0,9.3,4.0,14.8,MALMO,2004,4
2004-04-29,1581,5.3,0.0,8.4,2.5,14.6,MALMO,2004,4
2004-04-30,1582,5.2,0.0,10.4,5.5,17.2,MALMO,2004,4
2004-05-01,1583,3.8,0.0,12.2,5.5,19.3,MALMO,2004,5
2004-05-02,1584,1.7,0.0,13.8,6.7,21.0,MALMO,2004,5
2004-05-03,1585,1.6,0.23,10.1,7.2,15.1,MALMO,2004,5
2004-05-04,1586,3.8,0.04,12.6,6.9,17.4,MALMO,2004,5
2004-05-05,1587,4.9,0.11,16.7,11.7,21.8,MALMO,2004,5
2004-05-06,1588,3.9,0.11,15.1,9.3,21.5,MALMO,2004,5
2004-05-07,1589,4.8,0.03,12.5,10.3,16.9,MALMO,2004,5
2004-05-08,1590,3.0,0.02,12.2,10.2,14.6,MALMO,2004,5
2004-05-09,1591,2.1,0.04,15.9,10.4,23.1,MALMO,2004,5
2004-05-10,1592,1.2,0.0,16.3,9.8,23.0,MALMO,2004,5
2004-05-11,1593,2.2,0.0,11.8,7.8,16.3,MALMO,2004,5
2004-05-12,1594,2.5,0.13,8.9,6.7,11.6,MALMO,2004,5
2004-05-13,1595,2.0,0.0,8.3,4.1,13.4,MALMO,2004,5
2004-05-14,1596,3.2,0.0,9.2,2.1,13.7,MALMO,2004,5
2004-05-15,1597,5.0,0.0,12.1,9.0,15.6,MALMO,2004,5
2004-05-16,1598,2.5,0.0,12.9,7.8,18.3,MALMO,2004,5
2004-05-17,1599,2.6,0.0,14.0,10.8,18.2,MALMO,2004,5
2004-05-18,1600,5.9,0.0,14.3,11.5,17.7,MALMO,2004,5
2004-05-19,1601,7.0,0.01,12.3,9.2,16.4,MALMO,2004,5
2004-05-20,1602,5.6,0.0,11.7,9.6,15.8,MALMO,2004,5
2004-05-21,1603,4.9,0.0,9.4,6.5,13.6,MALMO,2004,5
2004-05-22,1604,3.1,0.3,9.3,5.4,14.6,MALMO,2004,5
2004-05-23,1605,4.3,0.0,9.5,4.0,13.8,MALMO,2004,5
2004-05-24,1606,4.9,0.0,11.9,6.2,16.8,MALMO,2004,5
2004-05-25,1607,5.5,0.0,10.8,9.3,14.3,MALMO,2004,5
2004-05-26,1608,2.3,0.18,10.0,6.6,13.9,MALMO,2004,5
2004-05-27,1609,1.5,0.0,11.9,6.2,17.0,MALMO,2004,5
2004-05-28,1610,3.0,0.0,10.3,5.2,13.8,MALMO,2004,5
2004-05-29,1611,1.9,0.0,12.2,9.2,16.3,MALMO,2004,5
2004-05-30,1612,1.2,0.0,15.2,7.1,21.5,MALMO,2004,5
2004-05-31,1613,4.9,0.0,13.0,7.8,18.6,MALMO,2004,5
2004-06-01,1614,3.6,0.0,12.6,4.0,18.6,MALMO,2004,6
2004-06-02,1615,2.7,0.0,13.8,4.5,20.7,MALMO,2004,6
2004-06-03,1616,1.1,0.0,14.9,3.4,22.9,MALMO,2004,6
2004-06-04,1617,1.5,0.04,12.4,5.3,18.6,MALMO,2004,6
2004-06-05,1618,1.6,0.0,15.9,11.6,21.0,MALMO,2004,6
2004-06-06,1619,3.2,0.0,13.8,10.5,17.9,MALMO,2004,6
2004-06-07,1620,3.2,0.0,17.3,14.1,22.2,MALMO,2004,6
2004-06-08,1621,4.3,0.0,15.6,12.6,19.5,MALMO,2004,6
2004-06-09,1622,4.1,0.13,11.8,8.2,15.8,MALMO,2004,6
2004-06-10,1623,2.7,0.0,17.6,11.6,24.2,MALMO,2004,6
2004-06-11,1624,3.0,0.06,16.5,10.3,22.0,MALMO,2004,6
2004-06-12,1625,2.6,0.75,15.8,12.3,20.6,MALMO,2004,6
2004-06-13,1626,3.1,0.0,17.3,10.5,23.0,MALMO,2004,6
2004-06-14,1627,5.9,0.0,16.1,12.7,21.0,MALMO,2004,6
2004-06-15,1628,7.2,0.49,15.5,14.3,18.3,MALMO,2004,6
2004-06-16,1629,6.4,0.0,12.8,9.4,17.4,MALMO,2004,6
2004-06-17,1630,2.7,0.82,11.7,9.8,14.3,MALMO,2004,6
2004-06-18,1631,1.0,1.73,12.0,10.9,14.0,MALMO,2004,6
2004-06-19,1632,2.6,0.56,11.2,9.2,15.1,MALMO,2004,6
2004-06-20,1633,3.0,0.01,12.4,8.0,15.9,MALMO,2004,6
2004-06-21,1634,1.6,0.0,14.2,8.9,19.0,MALMO,2004,6
2004-06-22,1635,1.7,0.25,13.8,9.2,17.7,MALMO,2004,6
2004-06-23,1636,3.8,0.8,13.8,8.2,18.5,MALMO,2004,6
2004-06-24,1637,3.5,0.39,13.5,12.7,15.5,MALMO,2004,6
2004-06-25,1638,4.8,0.84,12.9,11.2,15.2,MALMO,2004,6
2004-06-26,1639,3.3,0.02,13.3,12.2,14.8,MALMO,2004,6
2004-06-27,1640,1.4,0.0,13.0,8.2,17.1,MALMO,2004,6
2004-06-28,1641,3.0,0.43,14.6,11.5,19.2,MALMO,2004,6
2004-06-29,1642,5.4,1.12,13.1,11.3,16.4,MALMO,2004,6
2004-06-30,1643,3.5,0.47,15.3,11.1,20.1,MALMO,2004,6
2004-07-01,1644,1.9,0.88,14.7,13.5,18.6,MALMO,2004,7
2004-07-02,1645,2.5,0.03,15.0,11.4,19.2,MALMO,2004,7
2004-07-03,1646,1.9,0.51,14.1,11.0,17.9,MALMO,2004,7
2004-07-04,1647,3.0,0.39,14.2,11.7,18.6,MALMO,2004,7
2004-07-05,1648,2.8,0.0,15.2,12.0,18.9,MALMO,2004,7
2004-07-06,1649,4.8,0.0,14.7,11.5,17.6,MALMO,2004,7
2004-07-07,1650,2.4,0.0,15.4,11.5,19.4,MALMO,2004,7
2004-07-08,1651,3.4,0.18,15.1,8.3,22.0,MALMO,2004,7
2004-07-09,1652,1.4,3.23,16.9,15.0,20.8,MALMO,2004,7
2004-07-10,1653,4.9,1.34,15.3,13.6,18.8,MALMO,2004,7
2004-07-11,1654,4.9,0.63,13.7,12.1,15.3,MALMO,2004,7
2004-07-12,1655,3.5,0.0,14.7,13.3,16.3,MALMO,2004,7
2004-07-13,1656,4.4,0.0,14.1,12.5,16.4,MALMO,2004,7
2004-07-14,1657,4.1,0.68,13.9,12.0,17.4,MALMO,2004,7
2004-07-15,1658,3.5,0.0,16.0,12.5,19.5,MALMO,2004,7
2004-07-16,1659,2.6,0.0,15.5,11.8,19.9,MALMO,2004,7
2004-07-17,1660,2.3,0.33,16.1,8.2,21.0,MALMO,2004,7
2004-07-18,1661,2.4,1.97,18.4,14.2,23.9,MALMO,2004,7
2004-07-19,1662,1.8,0.0,17.8,15.5,21.4,MALMO,2004,7
2004-07-20,1663,1.5,1.34,16.2,10.4,21.2,MALMO,2004,7
2004-07-21,1664,2.4,0.07,13.9,11.9,17.0,MALMO,2004,7
2004-07-22,1665,1.2,0.0,16.2,14.0,18.4,MALMO,2004,7
2004-07-23,1666,0.8,0.7,18.1,15.3,21.9,MALMO,2004,7
2004-07-24,1667,1.7,0.01,17.6,14.6,21.4,MALMO,2004,7
2004-07-25,1668,2.1,0.7,14.9,13.0,19.6,MALMO,2004,7
2004-07-26,1669,1.2,0.0,14.8,9.9,19.3,MALMO,2004,7
2004-07-27,1670,2.3,0.0,16.0,10.9,20.7,MALMO,2004,7
2004-07-28,1671,1.6,0.0,17.7,12.0,22.1,MALMO,2004,7
2004-07-29,1672,0.6,0.0,18.5,9.3,24.4,MALMO,2004,7
2004-07-30,1673,0.5,0.0,19.5,9.4,26.5,MALMO,2004,7
2004-07-31,1674,1.0,0.0,20.1,11.4,27.0,MALMO,2004,7
2004-08-01,1675,1.2,0.11,19.6,16.2,25.8,MALMO,2004,8
2004-08-02,1676,1.0,0.45,18.9,13.5,25.2,MALMO,2004,8
2004-08-03,1677,1.1,0.69,17.3,14.4,19.5,MALMO,2004,8
2004-08-04,1678,1.4,0.41,20.3,17.9,24.7,MALMO,2004,8
2004-08-05,1679,1.0,0.0,20.7,14.7,26.4,MALMO,2004,8
2004-08-06,1680,2.8,0.0,22.3,17.1,26.9,MALMO,2004,8
2004-08-07,1681,2.8,0.0,21.1,15.2,26.1,MALMO,2004,8
2004-08-08,1682,2.5,0.0,21.9,15.5,27.1,MALMO,2004,8
2004-08-09,1683,1.7,0.0,21.4,13.8,27.6,MALMO,2004,8
2004-08-10,1684,2.2,0.0,20.4,12.4,26.8,MALMO,2004,8
2004-08-11,1685,2.0,0.0,19.2,13.4,24.4,MALMO,2004,8
2004-08-12,1686,1.3,0.0,19.2,13.6,25.8,MALMO,2004,8
2004-08-13,1687,1.2,1.36,17.5,15.3,21.7,MALMO,2004,8
2004-08-14,1688,1.8,0.0,16.9,11.8,21.9,MALMO,2004,8
2004-08-15,1689,4.5,0.0,17.8,11.2,23.0,MALMO,2004,8
2004-08-16,1690,2.2,0.54,19.0,16.6,22.7,MALMO,2004,8
2004-08-17,1691,2.2,0.0,19.6,17.4,22.7,MALMO,2004,8
2004-08-18,1692,1.7,0.18,18.0,12.5,22.6,MALMO,2004,8
2004-08-19,1693,3.5,0.0,20.6,17.9,23.7,MALMO,2004,8
2004-08-20,1694,2.8,0.0,19.5,16.0,23.6,MALMO,2004,8
2004-08-21,1695,2.9,0.23,16.8,15.3,19.6,MALMO,2004,8
2004-08-22,1696,4.9,0.0,15.7,13.3,19.7,MALMO,2004,8
2004-08-23,1697,1.6,0.0,14.9,10.4,19.1,MALMO,2004,8
2004-08-24,1698,4.0,0.46,16.7,12.1,20.8,MALMO,2004,8
2004-08-25,1699,1.8,0.51,16.8,14.0,20.4,MALMO,2004,8
2004-08-26,1700,1.6,0.18,16.6,13.7,20.4,MALMO,2004,8
2004-08-27,1701,3.0,0.65,15.0,12.7,17.0,MALMO,2004,8
2004-08-28,1702,2.1,0.03,16.6,14.1,20.3,MALMO,2004,8
2004-08-29,1703,1.4,0.05,14.7,9.1,19.3,MALMO,2004,8
2004-08-30,1704,1.9,0.04,15.7,13.3,18.7,MALMO,2004,8
2004-08-31,1705,1.4,0.53,13.7,9.2,17.9,MALMO,2004,8
2004-09-01,1706,4.5,0.1,15.5,13.6,17.5,MALMO,2004,9
2004-09-02,1707,1.8,0.0,16.1,14.2,20.1,MALMO,2004,9
2004-09-03,1708,0.6,0.0,15.4,7.9,22.1,MALMO,2004,9
2004-09-04,1709,0.3,0.0,16.0,8.1,23.3,MALMO,2004,9
2004-09-05,1710,1.1,0.0,16.9,9.9,22.8,MALMO,2004,9
2004-09-06,1711,1.0,0.0,18.6,13.9,23.5,MALMO,2004,9
2004-09-07,1712,2.0,0.0,15.7,10.8,21.5,MALMO,2004,9
2004-09-08,1713,1.8,0.0,13.5,6.5,18.2,MALMO,2004,9
2004-09-09,1714,0.9,0.0,13.1,4.2,19.9,MALMO,2004,9
2004-09-10,1715,1.7,0.0,15.0,7.8,20.3,MALMO,2004,9
2004-09-11,1716,2.3,0.0,17.5,13.2,22.0,MALMO,2004,9
2004-09-12,1717,5.1,0.06,16.3,14.1,19.2,MALMO,2004,9
2004-09-13,1718,3.9,0.0,16.1,13.9,18.4,MALMO,2004,9
2004-09-14,1719,3.2,0.0,15.7,14.2,18.4,MALMO,2004,9
2004-09-15,1720,5.8,0.0,15.0,13.3,18.1,MALMO,2004,9
2004-09-16,1721,3.4,0.0,13.1,10.6,16.3,MALMO,2004,9
2004-09-17,1722,2.0,0.0,13.3,6.2,17.9,MALMO,2004,9
2004-09-18,1723,2.2,0.45,15.5,13.0,18.3,MALMO,2004,9
2004-09-19,1724,2.2,0.08,15.7,14.4,18.7,MALMO,2004,9
2004-09-20,1725,4.0,2.08,13.1,11.4,15.2,MALMO,2004,9
2004-09-21,1726,5.8,0.23,13.2,10.5,16.2,MALMO,2004,9
2004-09-22,1727,6.3,0.0,12.9,11.4,16.0,MALMO,2004,9
2004-09-23,1728,3.0,1.2,12.2,9.1,15.5,MALMO,2004,9
2004-09-24,1729,2.0,0.0,12.1,8.7,16.1,MALMO,2004,9
2004-09-25,1730,3.4,0.1,12.8,8.5,16.6,MALMO,2004,9
2004-09-26,1731,2.7,0.08,13.1,10.5,15.9,MALMO,2004,9
2004-09-27,1732,5.4,0.0,13.8,11.8,16.5,MALMO,2004,9
2004-09-28,1733,3.5,0.06,12.8,11.3,15.2,MALMO,2004,9
2004-09-29,1734,1.1,0.01,10.3,8.6,13.4,MALMO,2004,9
2004-09-30,1735,1.2,0.0,8.8,3.8,15.3,MALMO,2004,9
2004-10-01,1736,1.2,0.0,7.7,2.1,13.6,MALMO,2004,10
2004-10-02,1737,2.7,0.24,10.0,4.3,14.9,MALMO,2004,10
2004-10-03,1738,1.7,0.0,12.5,9.2,15.7,MALMO,2004,10
2004-10-04,1739,3.5,0.0,14.2,11.6,16.2,MALMO,2004,10
2004-10-05,1740,1.1,0.44,14.5,11.5,17.7,MALMO,2004,10
2004-10-06,1741,2.4,0.0,12.9,11.4,15.8,MALMO,2004,10
2004-10-07,1742,4.1,0.0,11.8,10.5,14.3,MALMO,2004,10
2004-10-08,1743,4.0,0.12,12.1,10.6,15.5,MALMO,2004,10
2004-10-09,1744,1.0,0.0,6.8,2.8,11.9,MALMO,2004,10
2004-10-10,1745,1.1,0.0,3.5,-1.4,10.5,MALMO,2004,10
2004-10-11,1746,1.7,0.0,3.4,-1.3,10.1,MALMO,2004,10
2004-10-12,1747,3.9,0.0,4.2,0.0,10.2,MALMO,2004,10
2004-10-13,1748,4.7,0.0,8.3,3.5,11.6,MALMO,2004,10
2004-10-14,1749,3.6,0.0,8.2,6.0,10.5,MALMO,2004,10
2004-10-15,1750,2.2,0.41,8.8,7.8,10.0,MALMO,2004,10
2004-10-16,1751,2.0,1.91,8.8,8.2,9.8,MALMO,2004,10
2004-10-17,1752,1.5,2.8,9.4,8.1,10.6,MALMO,2004,10
2004-10-18,1753,4.6,0.26,8.9,7.9,9.6,MALMO,2004,10
2004-10-19,1754,2.2,0.0,9.1,7.3,12.1,MALMO,2004,10
2004-10-20,1755,4.0,0.03,7.2,1.4,11.6,MALMO,2004,10
2004-10-21,1756,4.3,0.26,11.0,8.9,14.5,MALMO,2004,10
2004-10-22,1757,4.0,0.03,11.2,9.5,12.4,MALMO,2004,10
2004-10-23,1758,4.0,1.1,12.3,11.2,12.9,MALMO,2004,10
2004-10-24,1759,2.0,0.18,12.6,12.1,13.9,MALMO,2004,10
2004-10-25,1760,3.4,0.0,13.6,11.8,15.8,MALMO,2004,10
2004-10-26,1761,3.1,0.0,11.2,9.9,13.3,MALMO,2004,10
2004-10-27,1762,0.5,0.0,4.4,1.7,11.2,MALMO,2004,10
2004-10-28,1763,4.0,0.07,6.8,0.7,9.0,MALMO,2004,10
2004-10-29,1764,2.8,0.07,8.6,7.5,10.0,MALMO,2004,10
2004-10-30,1765,2.5,0.14,8.4,7.7,9.2,MALMO,2004,10
2004-10-31,1766,1.2,0.0,7.8,5.9,9.7,MALMO,2004,10
2004-11-01,1767,1.5,0.0,9.3,7.1,11.1,MALMO,2004,11
2004-11-02,1768,1.9,0.0,6.7,3.7,11.2,MALMO,2004,11
2004-11-03,1769,3.6,0.0,8.4,5.8,10.8,MALMO,2004,11
2004-11-04,1770,1.9,0.11,9.6,8.5,10.4,MALMO,2004,11
2004-11-05,1771,5.2,0.2,8.1,6.7,10.4,MALMO,2004,11
2004-11-06,1772,3.3,0.09,7.6,5.7,10.3,MALMO,2004,11
2004-11-07,1773,1.0,0.0,3.4,1.0,8.1,MALMO,2004,11
2004-11-08,1774,0.7,0.04,2.1,-2.1,8.3,MALMO,2004,11
2004-11-09,1775,3.7,0.2,3.9,-1.4,6.9,MALMO,2004,11
2004-11-10,1776,3.3,0.0,6.6,5.8,7.7,MALMO,2004,11
2004-11-11,1777,1.1,0.0,4.1,-1.0,8.6,MALMO,2004,11
2004-11-12,1778,5.1,0.41,7.0,4.2,7.8,MALMO,2004,11
2004-11-13,1779,3.6,0.03,5.1,4.1,9.2,MALMO,2004,11
2004-11-14,1780,3.3,0.03,4.4,0.4,7.0,MALMO,2004,11
2004-11-15,1781,5.7,0.03,8.9,6.3,10.1,MALMO,2004,11
2004-11-16,1782,4.8,0.0,5.9,4.8,9.5,MALMO,2004,11
2004-11-17,1783,3.0,0.69,3.8,2.0,6.2,MALMO,2004,11
2004-11-18,1784,7.0,0.02,5.5,4.1,9.0,MALMO,2004,11
2004-11-19,1785,1.7,0.03,-0.4,-4.3,4.1,MALMO,2004,11
2004-11-20,1786,2.5,0.12,1.4,-1.8,4.3,MALMO,2004,11
2004-11-21,1787,1.6,0.53,-2.2,-5.3,2.2,MALMO,2004,11
2004-11-22,1788,5.2,1.6,4.2,-5.4,8.3,MALMO,2004,11
2004-11-23,1789,6.0,0.0,2.7,1.3,8.7,MALMO,2004,11
2004-11-24,1790,1.4,0.13,-0.1,-4.4,3.0,MALMO,2004,11
2004-11-25,1791,4.0,0.0,6.9,2.0,9.0,MALMO,2004,11
2004-11-26,1792,2.6,1.73,4.7,2.9,7.3,MALMO,2004,11
2004-11-27,1793,3.8,0.04,5.5,4.5,6.5,MALMO,2004,11
2004-11-28,1794,0.8,0.1,5.3,4.3,6.1,MALMO,2004,11
2004-11-29,1795,1.1,0.0,5.3,4.4,6.2,MALMO,2004,11
2004-11-30,1796,1.5,0.0,4.6,3.0,6.5,MALMO,2004,11
2004-12-01,1797,1.4,0.41,2.9,1.0,4.0,MALMO,2004,12
2004-12-02,1798,2.8,0.11,4.0,1.8,5.6,MALMO,2004,12
2004-12-03,1799,2.6,0.03,4.8,3.6,5.6,MALMO,2004,12
2004-12-04,1800,3.7,0.02,5.6,1.4,6.9,MALMO,2004,12
2004-12-05,1801,6.0,0.0,7.2,6.0,8.7,MALMO,2004,12
2004-12-06,1802,3.9,0.0,6.8,5.6,8.0,MALMO,2004,12
2004-12-07,1803,4.4,0.0,7.3,6.3,8.3,MALMO,2004,12
2004-12-08,1804,4.5,0.0,6.6,5.9,7.8,MALMO,2004,12
2004-12-09,1805,2.5,0.0,5.5,4.2,6.8,MALMO,2004,12
2004-12-10,1806,1.4,0.0,3.1,1.6,5.5,MALMO,2004,12
2004-12-11,1807,3.1,0.0,4.0,-0.1,6.6,MALMO,2004,12
2004-12-12,1808,2.6,0.0,5.0,3.8,5.8,MALMO,2004,12
2004-12-13,1809,0.8,0.04,6.3,5.7,7.2,MALMO,2004,12
2004-12-14,1810,3.1,0.0,3.2,0.9,6.4,MALMO,2004,12
2004-12-15,1811,4.3,0.09,5.1,1.0,6.3,MALMO,2004,12
2004-12-16,1812,3.7,0.19,4.1,1.7,6.7,MALMO,2004,12
2004-12-17,1813,4.0,0.29,5.2,3.8,6.5,MALMO,2004,12
2004-12-18,1814,5.0,0.18,2.8,1.2,4.6,MALMO,2004,12
2004-12-19,1815,3.6,0.1,0.2,-0.9,3.3,MALMO,2004,12
2004-12-20,1816,1.5,0.16,0.0,-2.5,4.1,MALMO,2004,12
2004-12-21,1817,2.4,0.0,1.5,-2.3,3.2,MALMO,2004,12
2004-12-22,1818,6.1,0.17,2.0,0.7,3.2,MALMO,2004,12
2004-12-23,1819,5.7,1.07,6.4,3.2,8.2,MALMO,2004,12
2004-12-24,1820,1.1,2.25,1.9,0.2,8.0,MALMO,2004,12
2004-12-25,1821,4.8,0.25,4.4,0.4,5.7,MALMO,2004,12
2004-12-26,1822,0.9,0.0,0.9,-1.2,4.2,MALMO,2004,12
2004-12-27,1823,1.2,0.0,-1.9,-2.8,-0.2,MALMO,2004,12
2004-12-28,1824,2.5,0.0,0.0,-2.7,0.9,MALMO,2004,12
2004-12-29,1825,0.9,0.02,1.1,-0.5,2.4,MALMO,2004,12
2004-12-30,1826,5.6,0.19,4.1,0.4,5.4,MALMO,2004,12
2004-12-31,1827,1.2,0.0,4.6,2.6,6.9,MALMO,2004,12
2005-01-01,1828,3.1,0.29,2.8,1.3,4.3,MALMO,2005,1
2005-01-02,1829,6.4,0.15,4.0,2.5,6.1,MALMO,2005,1
2005-01-03,1830,7.0,0.94,4.0,1.9,5.1,MALMO,2005,1
2005-01-04,1831,6.2,0.3,6.9,4.8,7.7,MALMO,2005,1
2005-01-05,1832,4.6,0.06,5.1,4.5,7.6,MALMO,2005,1
2005-01-06,1833,5.8,0.0,5.5,4.2,6.9,MALMO,2005,1
2005-01-07,1834,6.8,0.43,8.0,5.2,9.1,MALMO,2005,1
2005-01-08,1835,8.8,0.11,7.9,6.7,9.3,MALMO,2005,1
2005-01-09,1836,7.3,0.48,6.3,4.9,7.5,MALMO,2005,1
2005-01-10,1837,5.5,0.0,8.5,5.5,10.6,MALMO,2005,1
2005-01-11,1838,3.8,0.25,6.7,5.9,10.0,MALMO,2005,1
2005-01-12,1839,5.1,0.0,6.9,6.0,7.7,MALMO,2005,1
2005-01-13,1840,6.1,0.0,4.8,4.1,6.1,MALMO,2005,1
2005-01-14,1841,3.0,0.0,4.4,2.4,6.7,MALMO,2005,1
2005-01-15,1842,0.8,0.0,-1.3,-4.6,4.0,MALMO,2005,1
2005-01-16,1843,3.0,0.0,2.1,-0.2,4.1,MALMO,2005,1
2005-01-17,1844,3.7,0.18,3.5,1.5,4.7,MALMO,2005,1
2005-01-18,1845,3.6,0.59,4.2,3.8,5.1,MALMO,2005,1
2005-01-19,1846,2.2,0.52,2.3,-0.2,4.2,MALMO,2005,1
2005-01-20,1847,6.6,0.04,3.8,0.8,5.9,MALMO,2005,1
2005-01-21,1848,5.3,0.08,2.9,1.4,5.0,MALMO,2005,1
2005-01-22,1849,3.1,0.0,1.3,-0.5,2.8,MALMO,2005,1
2005-01-23,1850,3.0,0.05,0.3,-0.7,2.2,MALMO,2005,1
2005-01-24,1851,3.3,0.0,-2.9,-4.9,-0.6,MALMO,2005,1
2005-01-25,1852,1.9,0.0,-4.2,-6.3,-1.2,MALMO,2005,1
2005-01-26,1853,0.5,0.0,-5.6,-7.8,-1.6,MALMO,2005,1
2005-01-27,1854,0.8,0.0,-2.0,-6.5,1.1,MALMO,2005,1
2005-01-28,1855,0.6,0.0,-4.0,-6.2,-0.1,MALMO,2005,1
2005-01-29,1856,0.8,0.0,-4.4,-9.9,-1.9,MALMO,2005,1
2005-01-30,1857,3.0,0.0,2.4,-2.5,5.0,MALMO,2005,1
2005-01-31,1858,5.6,0.0,4.6,2.3,7.3,MALMO,2005,1
2005-02-01,1859,4.2,0.0,3.0,2.1,4.8,MALMO,2005,2
2005-02-02,1860,1.7,0.0,2.1,-0.2,3.8,MALMO,2005,2
2005-02-03,1861,0.7,0.0,0.6,-2.4,3.2,MALMO,2005,2
2005-02-04,1862,2.0,0.0,2.7,1.7,3.5,MALMO,2005,2
2005-02-05,1863,2.8,0.0,2.0,0.4,3.9,MALMO,2005,2
2005-02-06,1864,4.0,0.0,-1.6,-2.3,0.8,MALMO,2005,2
2005-02-07,1865,3.0,0.0,-2.4,-5.8,1.2,MALMO,2005,2
2005-02-08,1866,2.2,0.0,-2.5,-5.2,0.5,MALMO,2005,2
2005-02-09,1867,2.2,0.41,-1.1,-5.7,1.6,MALMO,2005,2
2005-02-10,1868,4.9,0.69,3.4,-1.0,4.7,MALMO,2005,2
2005-02-11,1869,3.5,0.0,2.4,1.2,4.6,MALMO,2005,2
2005-02-12,1870,4.3,2.67,1.7,-1.5,3.2,MALMO,2005,2
2005-02-13,1871,5.5,0.12,0.5,-0.2,3.4,MALMO,2005,2
2005-02-14,1872,4.8,0.06,0.1,-0.9,0.8,MALMO,2005,2
2005-02-15,1873,3.2,0.0,-2.0,-3.2,1.3,MALMO,2005,2
2005-02-16,1874,2.1,0.0,-1.9,-3.5,-0.7,MALMO,2005,2
2005-02-17,1875,1.3,0.03,-3.4,-5.1,-1.2,MALMO,2005,2
2005-02-18,1876,3.6,0.25,0.0,-4.7,1.2,MALMO,2005,2
2005-02-19,1877,2.2,0.0,0.9,0.1,1.5,MALMO,2005,2
2005-02-20,1878,0.8,0.01,0.8,0.3,2.1,MALMO,2005,2
2005-02-21,1879,2.6,0.0,0.5,-0.6,2.4,MALMO,2005,2
2005-02-22,1880,5.0,0.2,-1.4,-2.1,0.7,MALMO,2005,2
2005-02-23,1881,9.0,0.14,-0.3,-3.1,0.6,MALMO,2005,2
2005-02-24,1882,4.2,0.07,0.8,0.3,1.8,MALMO,2005,2
2005-02-25,1883,2.1,0.0,-0.4,-1.3,1.0,MALMO,2005,2
2005-02-26,1884,2.8,0.0,-2.8,-4.1,0.4,MALMO,2005,2
2005-02-27,1885,3.2,0.0,-5.1,-7.7,-1.8,MALMO,2005,2
2005-02-28,1886,2.4,0.17,-2.4,-9.3,0.9,MALMO,2005,2
2005-03-01,1887,2.7,0.43,-1.6,-2.8,0.3,MALMO,2005,3
2005-03-02,1888,5.2,0.05,-2.9,-4.6,-1.5,MALMO,2005,3
2005-03-03,1889,1.7,0.0,-6.5,-9.0,-2.0,MALMO,2005,3
2005-03-04,1890,1.1,0.0,-8.7,-16.0,-0.5,MALMO,2005,3
2005-03-05,1891,2.2,0.0,-5.3,-10.5,-1.2,MALMO,2005,3
2005-03-06,1892,2.6,0.0,-4.4,-9.1,-0.6,MALMO,2005,3
2005-03-07,1893,3.5,0.0,0.7,-2.6,3.7,MALMO,2005,3
2005-03-08,1894,2.5,0.0,2.5,0.3,5.8,MALMO,2005,3
2005-03-09,1895,2.0,0.0,-1.2,-3.9,2.0,MALMO,2005,3
2005-03-10,1896,4.3,0.27,-0.5,-5.2,1.7,MALMO,2005,3
2005-03-11,1897,4.9,0.46,1.6,0.3,3.6,MALMO,2005,3
2005-03-12,1898,2.6,0.0,-0.1,-2.2,2.3,MALMO,2005,3
2005-03-13,1899,1.8,0.14,-4.4,-9.1,-0.8,MALMO,2005,3
2005-03-14,1900,4.5,0.0,1.3,-1.2,4.5,MALMO,2005,3
2005-03-15,1901,2.9,1.22,1.7,0.6,4.5,MALMO,2005,3
2005-03-16,1902,5.5,0.5,5.9,0.6,7.8,MALMO,2005,3
2005-03-17,1903,6.0,0.03,7.6,6.6,8.6,MALMO,2005,3
2005-03-18,1904,2.2,0.79,3.7,1.1,8.3,MALMO,2005,3
2005-03-19,1905,2.2,0.0,-1.9,-4.2,2.2,MALMO,2005,3
2005-03-20,1906,0.7,0.0,-1.3,-6.2,2.7,MALMO,2005,3
2005-03-21,1907,0.8,0.0,-0.2,-5.1,4.0,MALMO,2005,3
2005-03-22,1908,2.4,0.0,2.7,-2.8,7.7,MALMO,2005,3
2005-03-23,1909,1.8,0.0,5.2,1.4,8.0,MALMO,2005,3
2005-03-24,1910,1.0,0.0,6.4,5.6,8.2,MALMO,2005,3
2005-03-25,1911,1.5,0.0,6.2,0.9,12.5,MALMO,2005,3
2005-03-26,1912,3.5,0.0,5.7,1.4,12.2,MALMO,2005,3
2005-03-27,1913,4.7,0.0,3.5,0.9,7.3,MALMO,2005,3
2005-03-28,1914,2.7,0.0,3.9,-1.4,9.0,MALMO,2005,3
2005-03-29,1915,5.3,0.0,2.6,-1.8,7.6,MALMO,2005,3
2005-03-30,1916,3.6,0.0,2.7,-1.8,7.5,MALMO,2005,3
2005-03-31,1917,1.1,0.0,2.7,-4.6,9.5,MALMO,2005,3
2005-04-01,1918,0.5,0.0,3.8,-4.7,11.5,MALMO,2005,4
2005-04-02,1919,1.6,0.0,5.1,-4.2,13.0,MALMO,2005,4
2005-04-03,1920,2.7,0.0,8.0,1.6,15.2,MALMO,2005,4
2005-04-04,1921,2.2,0.09,10.4,3.4,17.1,MALMO,2005,4
2005-04-05,1922,4.2,0.03,7.6,4.7,11.6,MALMO,2005,4
2005-04-06,1923,3.8,0.0,7.6,4.0,11.6,MALMO,2005,4
2005-04-07,1924,3.8,0.25,8.2,5.2,13.3,MALMO,2005,4
2005-04-08,1925,3.5,0.0,6.6,4.1,9.6,MALMO,2005,4
2005-04-09,1926,3.1,0.0,5.6,3.2,8.6,MALMO,2005,4
2005-04-10,1927,2.5,0.0,4.1,-2.3,8.6,MALMO,2005,4
2005-04-11,1928,4.1,0.0,9.6,4.3,15.4,MALMO,2005,4
2005-04-12,1929,3.3,0.01,9.9,4.9,14.9,MALMO,2005,4
2005-04-13,1930,1.9,0.07,9.0,7.2,12.1,MALMO,2005,4
2005-04-14,1931,2.2,0.01,11.1,7.4,15.2,MALMO,2005,4
2005-04-15,1932,2.5,0.0,13.2,9.2,19.3,MALMO,2005,4
2005-04-16,1933,3.8,0.0,11.2,4.1,17.4,MALMO,2005,4
2005-04-17,1934,5.2,0.0,11.0,6.2,17.0,MALMO,2005,4
2005-04-18,1935,5.2,0.0,9.7,5.9,15.1,MALMO,2005,4
2005-04-19,1936,3.6,0.0,6.3,1.8,12.7,MALMO,2005,4
2005-04-20,1937,2.2,0.02,2.8,-1.9,7.0,MALMO,2005,4
2005-04-21,1938,3.3,0.0,6.2,-0.3,11.0,MALMO,2005,4
2005-04-22,1939,2.0,0.0,5.8,-0.3,11.4,MALMO,2005,4
2005-04-23,1940,1.9,0.0,5.2,1.9,8.8,MALMO,2005,4
2005-04-24,1941,1.1,0.0,5.5,-3.1,11.2,MALMO,2005,4
2005-04-25,1942,4.3,0.0,5.2,-2.0,10.7,MALMO,2005,4
2005-04-26,1943,4.1,0.0,7.3,0.9,13.0,MALMO,2005,4
2005-04-27,1944,5.0,0.28,7.6,-1.4,14.5,MALMO,2005,4
2005-04-28,1945,1.0,0.0,8.8,4.9,13.3,MALMO,2005,4
2005-04-29,1946,3.5,0.0,8.0,4.1,12.0,MALMO,2005,4
2005-04-30,1947,2.0,0.01,11.7,7.8,15.4,MALMO,2005,4
2005-05-01,1948,0.8,0.0,11.3,8.3,15.2,MALMO,2005,5
2005-05-02,1949,3.9,0.81,11.5,7.4,16.0,MALMO,2005,5
2005-05-03,1950,1.6,0.01,14.3,9.5,19.4,MALMO,2005,5
2005-05-04,1951,1.7,0.0,12.4,10.3,15.7,MALMO,2005,5
2005-05-05,1952,3.2,0.18,9.8,6.4,14.3,MALMO,2005,5
2005-05-06,1953,3.6,0.12,9.8,8.3,12.5,MALMO,2005,5
2005-05-07,1954,3.2,0.0,8.6,5.7,12.8,MALMO,2005,5
2005-05-08,1955,2.5,0.0,8.8,6.7,11.8,MALMO,2005,5
2005-05-09,1956,2.3,0.0,7.6,3.1,11.8,MALMO,2005,5
2005-05-10,1957,1.1,0.36,8.1,4.6,12.3,MALMO,2005,5
2005-05-11,1958,1.5,0.03,8.7,2.5,13.7,MALMO,2005,5
2005-05-12,1959,1.3,0.0,10.3,2.0,16.1,MALMO,2005,5
2005-05-13,1960,1.1,0.0,11.4,2.0,17.7,MALMO,2005,5
2005-05-14,1961,2.3,0.0,11.0,3.0,17.9,MALMO,2005,5
2005-05-15,1962,2.2,0.0,11.0,4.1,17.5,MALMO,2005,5
2005-05-16,1963,4.0,0.0,10.3,9.0,12.0,MALMO,2005,5
2005-05-17,1964,2.2,0.0,9.9,5.0,14.1,MALMO,2005,5
2005-05-18,1965,3.6,0.0,9.0,5.3,12.3,MALMO,2005,5
2005-05-19,1966,2.8,0.0,10.0,6.2,13.9,MALMO,2005,5
2005-05-20,1967,4.9,0.12,12.5,9.0,17.0,MALMO,2005,5
2005-05-21,1968,2.7,0.21,13.1,10.2,18.0,MALMO,2005,5
2005-05-22,1969,2.0,0.0,14.6,9.1,19.5,MALMO,2005,5
2005-05-23,1970,1.6,0.05,14.6,12.5,18.8,MALMO,2005,5
2005-05-24,1971,2.2,0.03,13.2,9.2,17.5,MALMO,2005,5
2005-05-25,1972,2.4,0.0,15.2,10.8,19.4,MALMO,2005,5
2005-05-26,1973,2.8,0.0,17.9,11.6,24.0,MALMO,2005,5
2005-05-27,1974,2.0,0.0,18.3,15.4,21.9,MALMO,2005,5
2005-05-28,1975,3.1,0.0,18.6,9.3,24.8,MALMO,2005,5
2005-05-29,1976,3.8,0.0,17.4,14.3,22.2,MALMO,2005,5
2005-05-30,1977,1.5,0.92,13.3,11.4,18.5,MALMO,2005,5
2005-05-31,1978,4.7,0.36,10.5,8.7,13.6,MALMO,2005,5
2005-06-01,1979,3.9,0.03,11.8,9.7,14.0,MALMO,2005,6
2005-06-02,1980,2.2,0.44,10.5,9.2,12.8,MALMO,2005,6
2005-06-03,1981,2.3,0.84,15.3,10.7,20.2,MALMO,2005,6
2005-06-04,1982,4.6,0.09,14.6,12.9,17.9,MALMO,2005,6
2005-06-05,1983,4.5,0.0,13.7,11.9,17.8,MALMO,2005,6
2005-06-06,1984,4.2,0.41,10.6,8.9,14.2,MALMO,2005,6
2005-06-07,1985,3.0,0.22,11.1,7.8,15.0,MALMO,2005,6
2005-06-08,1986,2.5,0.0,12.6,3.9,18.3,MALMO,2005,6
2005-06-09,1987,1.5,0.24,14.5,7.0,19.3,MALMO,2005,6
2005-06-10,1988,3.7,0.0,13.9,12.1,18.3,MALMO,2005,6
2005-06-11,1989,2.7,0.52,12.0,9.8,17.3,MALMO,2005,6
2005-06-12,1990,2.2,0.34,11.4,9.0,14.2,MALMO,2005,6
2005-06-13,1991,2.6,0.74,10.8,7.3,13.6,MALMO,2005,6
2005-06-14,1992,3.4,0.0,14.3,7.0,19.5,MALMO,2005,6
2005-06-15,1993,2.2,0.0,17.2,12.3,21.9,MALMO,2005,6
2005-06-16,1994,1.3,0.0,15.6,8.3,22.0,MALMO,2005,6
2005-06-17,1995,3.0,0.4,15.4,13.8,18.8,MALMO,2005,6
2005-06-18,1996,4.8,0.0,15.9,12.5,19.2,MALMO,2005,6
2005-06-19,1997,2.1,0.0,17.1,12.7,21.9,MALMO,2005,6
2005-06-20,1998,1.4,0.0,17.7,10.0,24.1,MALMO,2005,6
2005-06-21,1999,3.2,0.11,19.3,14.1,24.9,MALMO,2005,6
2005-06-22,2000,4.5,0.0,16.9,13.9,20.7,MALMO,2005,6
2005-06-23,2001,2.0,0.0,18.8,14.8,23.9,MALMO,2005,6
2005-06-24,2002,1.1,0.0,21.2,14.4,27.2,MALMO,2005,6
2005-06-25,2003,1.7,1.14,17.4,13.2,24.7,MALMO,2005,6
2005-06-26,2004,1.6,0.0,16.8,9.5,21.4,MALMO,2005,6
2005-06-27,2005,4.5,0.0,16.4,11.9,20.9,MALMO,2005,6
2005-06-28,2006,4.3,0.0,16.4,12.7,20.6,MALMO,2005,6
2005-06-29,2007,2.7,0.0,17.8,12.8,22.7,MALMO,2005,6
2005-06-30,2008,1.4,0.0,16.1,9.0,21.6,MALMO,2005,6
2005-07-01,2009,1.7,0.0,16.8,10.3,22.0,MALMO,2005,7
2005-07-02,2010,1.1,0.0,18.0,9.8,23.6,MALMO,2005,7
2005-07-03,2011,1.9,0.0,18.2,9.3,24.9,MALMO,2005,7
2005-07-04,2012,5.6,0.0,20.3,15.6,25.4,MALMO,2005,7
2005-07-05,2013,3.1,0.11,19.1,16.4,24.3,MALMO,2005,7
2005-07-06,2014,1.0,0.72,19.3,15.8,23.6,MALMO,2005,7
2005-07-07,2015,0.8,0.0,18.8,14.9,23.4,MALMO,2005,7
2005-07-08,2016,1.0,0.0,20.6,12.5,26.4,MALMO,2005,7
2005-07-09,2017,1.3,0.0,22.2,12.9,29.8,MALMO,2005,7
2005-07-10,2018,0.9,0.12,21.5,13.8,29.6,MALMO,2005,7
2005-07-11,2019,0.5,0.0,22.4,12.9,28.8,MALMO,2005,7
2005-07-12,2020,1.1,0.0,23.2,12.8,30.6,MALMO,2005,7
2005-07-13,2021,2.7,0.0,21.2,14.6,26.5,MALMO,2005,7
2005-07-14,2022,2.1,0.0,19.4,15.9,23.6,MALMO,2005,7
2005-07-15,2023,2.2,0.2,19.5,13.6,25.8,MALMO,2005,7
2005-07-16,2024,4.2,0.0,17.9,16.0,21.2,MALMO,2005,7
2005-07-17,2025,4.2,0.0,17.9,15.0,22.5,MALMO,2005,7
2005-07-18,2026,1.5,0.0,20.0,15.5,25.3,MALMO,2005,7
2005-07-19,2027,3.0,0.15,18.6,15.0,22.4,MALMO,2005,7
2005-07-20,2028,4.1,0.86,15.8,14.8,19.5,MALMO,2005,7
2005-07-21,2029,1.7,0.16,16.5,12.4,21.2,MALMO,2005,7
2005-07-22,2030,2.9,0.0,17.4,11.6,23.0,MALMO,2005,7
2005-07-23,2031,4.0,0.0,17.9,16.3,21.3,MALMO,2005,7
2005-07-24,2032,3.0,0.0,15.4,13.5,18.2,MALMO,2005,7
2005-07-25,2033,1.3,0.26,15.4,11.6,18.8,MALMO,2005,7
2005-07-26,2034,2.3,0.0,16.8,14.2,20.3,MALMO,2005,7
2005-07-27,2035,2.3,0.0,17.0,14.2,20.7,MALMO,2005,7
2005-07-28,2036,1.9,0.0,17.9,12.1,23.6,MALMO,2005,7
2005-07-29,2037,1.7,0.25,20.6,14.6,28.6,MALMO,2005,7
2005-07-30,2038,2.2,0.85,19.2,17.0,23.4,MALMO,2005,7
2005-07-31,2039,2.9,1.65,17.7,14.4,23.1,MALMO,2005,7
2005-08-01,2040,3.8,0.46,17.5,14.6,22.5,MALMO,2005,8
2005-08-02,2041,2.1,0.0,16.6,15.2,19.5,MALMO,2005,8
2005-08-03,2042,1.4,0.68,17.5,14.9,21.3,MALMO,2005,8
2005-08-04,2043,2.8,0.13,16.6,13.9,20.3,MALMO,2005,8
2005-08-05,2044,2.5,1.38,15.6,13.4,18.9,MALMO,2005,8
2005-08-06,2045,2.8,0.0,15.7,12.7,19.2,MALMO,2005,8
2005-08-07,2046,2.0,0.0,15.2,11.4,20.3,MALMO,2005,8
2005-08-08,2047,1.3,0.0,15.8,10.3,20.9,MALMO,2005,8
2005-08-09,2048,2.2,0.0,14.6,7.5,20.7,MALMO,2005,8
2005-08-10,2049,4.3,0.15,16.8,15.2,19.4,MALMO,2005,8
2005-08-11,2050,4.0,0.11,15.6,14.7,17.7,MALMO,2005,8
2005-08-12,2051,4.2,0.0,15.5,13.1,18.7,MALMO,2005,8
2005-08-13,2052,3.4,0.27,14.4,12.3,17.7,MALMO,2005,8
2005-08-14,2053,0.4,0.0,15.4,8.6,21.0,MALMO,2005,8
2005-08-15,2054,1.0,0.0,16.6,9.1,22.8,MALMO,2005,8
2005-08-16,2055,2.5,0.0,15.9,12.4,19.2,MALMO,2005,8
2005-08-17,2056,1.5,0.0,16.4,10.5,22.4,MALMO,2005,8
2005-08-18,2057,1.3,0.0,16.6,9.1,23.9,MALMO,2005,8
2005-08-19,2058,3.0,0.0,18.4,10.9,24.7,MALMO,2005,8
2005-08-20,2059,2.0,0.0,20.8,14.4,26.9,MALMO,2005,8
2005-08-21,2060,0.9,0.0,21.5,14.8,28.5,MALMO,2005,8
2005-08-22,2061,2.6,0.0,18.3,12.6,23.7,MALMO,2005,8
2005-08-23,2062,0.9,0.0,17.8,11.4,23.6,MALMO,2005,8
2005-08-24,2063,1.1,0.0,16.6,12.8,21.8,MALMO,2005,8
2005-08-25,2064,2.1,0.93,15.4,13.1,17.7,MALMO,2005,8
2005-08-26,2065,4.0,0.0,14.9,13.3,18.6,MALMO,2005,8
2005-08-27,2066,2.5,0.0,15.3,12.3,19.0,MALMO,2005,8
2005-08-28,2067,3.2,0.0,16.8,14.6,19.8,MALMO,2005,8
2005-08-29,2068,3.5,0.0,19.4,16.0,23.3,MALMO,2005,8
2005-08-30,2069,2.5,0.0,16.6,13.3,21.0,MALMO,2005,8
2005-08-31,2070,1.9,0.0,14.4,6.0,21.6,MALMO,2005,8
2005-09-01,2071,5.3,0.0,18.0,12.1,23.1,MALMO,2005,9
2005-09-02,2072,2.2,0.0,18.7,15.2,22.8,MALMO,2005,9
2005-09-03,2073,2.5,0.0,16.3,12.2,20.8,MALMO,2005,9
2005-09-04,2074,0.8,0.0,14.5,7.5,20.9,MALMO,2005,9
2005-09-05,2075,0.8,0.0,17.1,11.9,24.2,MALMO,2005,9
2005-09-06,2076,2.2,0.0,19.3,12.8,25.5,MALMO,2005,9
2005-09-07,2077,2.4,0.0,20.5,15.6,24.9,MALMO,2005,9
2005-09-08,2078,2.3,0.0,19.8,16.0,24.5,MALMO,2005,9
2005-09-09,2079,1.0,0.53,18.2,13.6,23.1,MALMO,2005,9
2005-09-10,2080,3.0,0.0,16.0,13.4,19.9,MALMO,2005,9
2005-09-11,2081,2.9,0.0,15.4,12.2,19.0,MALMO,2005,9
2005-09-12,2082,2.6,0.0,15.1,9.7,19.4,MALMO,2005,9
2005-09-13,2083,1.1,0.0,14.1,8.6,18.5,MALMO,2005,9
2005-09-14,2084,4.4,0.01,15.6,13.2,19.7,MALMO,2005,9
2005-09-15,2085,4.6,0.08,14.6,13.1,16.9,MALMO,2005,9
2005-09-16,2086,1.5,0.0,10.1,5.1,16.2,MALMO,2005,9
2005-09-17,2087,0.8,0.0,9.1,1.5,16.3,MALMO,2005,9
2005-09-18,2088,3.1,0.06,11.4,4.7,14.0,MALMO,2005,9
2005-09-19,2089,1.7,0.0,14.5,13.7,16.0,MALMO,2005,9
2005-09-20,2090,1.1,0.0,15.1,13.9,18.4,MALMO,2005,9
2005-09-21,2091,0.4,0.0,14.0,11.5,18.0,MALMO,2005,9
2005-09-22,2092,1.2,0.0,13.0,6.7,17.9,MALMO,2005,9
2005-09-23,2093,2.9,0.0,14.4,6.5,19.7,MALMO,2005,9
2005-09-24,2094,1.2,0.0,16.4,12.3,21.8,MALMO,2005,9
2005-09-25,2095,2.6,0.0,16.2,11.5,21.3,MALMO,2005,9
2005-09-26,2096,0.9,0.0,15.8,12.2,19.6,MALMO,2005,9
2005-09-27,2097,2.2,0.54,14.3,9.2,17.2,MALMO,2005,9
2005-09-28,2098,2.1,0.14,13.0,11.3,16.2,MALMO,2005,9
2005-09-29,2099,1.3,0.43,11.5,7.1,15.3,MALMO,2005,9
2005-09-30,2100,1.5,0.0,9.7,4.9,14.9,MALMO,2005,9
2005-10-01,2101,3.4,1.3,12.2,5.4,15.5,MALMO,2005,10
2005-10-02,2102,0.7,0.0,12.3,10.4,16.2,MALMO,2005,10
2005-10-03,2103,0.7,0.0,11.2,5.0,17.0,MALMO,2005,10
2005-10-04,2104,0.5,0.0,12.3,8.9,17.3,MALMO,2005,10
2005-10-05,2105,0.4,0.0,9.1,3.1,17.6,MALMO,2005,10
2005-10-06,2106,0.8,0.0,9.8,4.1,18.0,MALMO,2005,10
2005-10-07,2107,2.5,0.0,11.8,5.4,18.8,MALMO,2005,10
2005-10-08,2108,3.3,0.0,14.5,11.6,18.0,MALMO,2005,10
2005-10-09,2109,1.5,0.0,13.1,11.2,17.3,MALMO,2005,10
2005-10-10,2110,2.2,0.0,13.7,6.4,18.7,MALMO,2005,10
2005-10-11,2111,3.5,0.0,13.8,10.0,17.7,MALMO,2005,10
2005-10-12,2112,3.0,0.0,13.3,9.7,18.2,MALMO,2005,10
2005-10-13,2113,1.6,0.0,12.2,7.6,17.4,MALMO,2005,10
2005-10-14,2114,1.3,0.0,10.3,4.6,16.6,MALMO,2005,10
2005-10-15,2115,1.2,0.0,7.1,2.2,14.2,MALMO,2005,10
2005-10-16,2116,0.6,0.0,3.9,-2.5,11.8,MALMO,2005,10
2005-10-17,2117,0.8,0.0,6.3,0.7,11.4,MALMO,2005,10
2005-10-18,2118,0.4,0.0,3.4,-1.5,11.0,MALMO,2005,10
2005-10-19,2119,1.7,0.0,5.1,-2.8,13.1,MALMO,2005,10
2005-10-20,2120,2.1,0.0,9.2,3.5,12.6,MALMO,2005,10
2005-10-21,2121,2.4,0.89,11.9,9.9,14.4,MALMO,2005,10
2005-10-22,2122,4.2,0.02,12.9,11.9,13.5,MALMO,2005,10
2005-10-23,2123,3.5,0.0,9.9,8.5,12.7,MALMO,2005,10
2005-10-24,2124,2.3,0.34,5.6,4.1,9.0,MALMO,2005,10
2005-10-25,2125,4.8,3.14,10.9,4.4,13.3,MALMO,2005,10
2005-10-26,2126,4.8,0.0,12.1,10.3,14.4,MALMO,2005,10
2005-10-27,2127,2.0,0.04,10.2,7.6,12.5,MALMO,2005,10
2005-10-28,2128,5.6,0.0,11.5,10.9,13.1,MALMO,2005,10
2005-10-29,2129,3.8,0.0,9.9,8.6,11.7,MALMO,2005,10
2005-10-30,2130,2.8,0.0,10.0,8.5,12.4,MALMO,2005,10
2005-10-31,2131,3.3,0.0,10.7,9.3,13.4,MALMO,2005,10
2005-11-01,2132,2.1,1.21,9.5,7.4,11.5,MALMO,2005,11
2005-11-02,2133,2.2,0.0,10.0,8.9,12.4,MALMO,2005,11
2005-11-03,2134,3.9,0.93,11.6,9.5,12.9,MALMO,2005,11
2005-11-04,2135,2.2,0.15,12.6,12.0,14.4,MALMO,2005,11
2005-11-05,2136,3.2,0.07,10.7,10.0,12.1,MALMO,2005,11
2005-11-06,2137,3.2,0.0,9.3,7.9,10.5,MALMO,2005,11
2005-11-07,2138,2.3,0.21,9.2,8.2,10.0,MALMO,2005,11
2005-11-08,2139,2.5,0.0,9.6,8.7,10.7,MALMO,2005,11
2005-11-09,2140,2.9,0.0,8.9,8.0,11.1,MALMO,2005,11
2005-11-10,2141,3.5,0.02,8.8,5.7,12.0,MALMO,2005,11
2005-11-11,2142,3.3,0.52,11.1,9.1,11.9,MALMO,2005,11
2005-11-12,2143,2.8,0.0,10.6,10.1,12.0,MALMO,2005,11
2005-11-13,2144,2.3,0.0,9.2,8.0,11.5,MALMO,2005,11
2005-11-14,2145,5.0,0.69,8.2,6.3,9.8,MALMO,2005,11
2005-11-15,2146,6.6,0.25,8.4,6.7,10.1,MALMO,2005,11
2005-11-16,2147,2.8,0.0,2.2,-1.1,6.8,MALMO,2005,11
2005-11-17,2148,0.7,0.0,-1.0,-3.4,3.3,MALMO,2005,11
2005-11-18,2149,0.8,0.0,-1.2,-4.8,2.8,MALMO,2005,11
2005-11-19,2150,0.6,0.0,-0.6,-4.9,6.3,MALMO,2005,11
2005-11-20,2151,0.6,0.0,0.9,-2.3,6.1,MALMO,2005,11
2005-11-21,2152,0.5,0.0,-2.2,-5.0,2.0,MALMO,2005,11
2005-11-22,2153,0.0,0.0,-0.7,-5.7,3.3,MALMO,2005,11
2005-11-23,2154,0.8,0.01,1.7,-5.4,5.7,MALMO,2005,11
2005-11-24,2155,3.9,0.04,4.6,3.6,5.3,MALMO,2005,11
2005-11-25,2156,4.9,0.36,1.2,0.3,4.6,MALMO,2005,11
2005-11-26,2157,0.8,0.0,0.8,-0.9,3.1,MALMO,2005,11
2005-11-27,2158,1.0,0.0,-1.4,-3.9,3.6,MALMO,2005,11
2005-11-28,2159,0.1,0.0,-3.4,-5.7,-0.4,MALMO,2005,11
2005-11-29,2160,2.1,0.0,1.1,-5.7,2.6,MALMO,2005,11
2005-11-30,2161,3.0,0.0,3.1,1.6,4.9,MALMO,2005,11
2005-12-01,2162,1.5,0.0,1.0,-3.5,4.4,MALMO,2005,12
2005-12-02,2163,4.7,0.0,1.9,0.9,2.7,MALMO,2005,12
2005-12-03,2164,4.6,0.0,2.1,1.5,2.4,MALMO,2005,12
2005-12-04,2165,3.3,0.0,3.6,1.8,4.3,MALMO,2005,12
2005-12-05,2166,4.1,0.78,5.3,4.3,5.8,MALMO,2005,12
2005-12-06,2167,1.2,0.0,4.9,2.4,6.5,MALMO,2005,12
2005-12-07,2168,0.6,0.15,3.1,1.4,5.0,MALMO,2005,12
2005-12-08,2169,2.3,0.05,2.6,1.6,3.9,MALMO,2005,12
2005-12-09,2170,0.6,0.0,-2.2,-4.6,2.3,MALMO,2005,12
2005-12-10,2171,2.6,0.24,0.5,-3.2,3.9,MALMO,2005,12
2005-12-11,2172,4.4,0.03,7.7,2.5,9.9,MALMO,2005,12
2005-12-12,2173,3.8,0.0,5.7,3.0,8.7,MALMO,2005,12
2005-12-13,2174,2.7,0.09,4.2,1.8,5.8,MALMO,2005,12
2005-12-14,2175,2.4,0.17,5.8,5.4,6.6,MALMO,2005,12
2005-12-15,2176,6.5,0.15,6.4,4.6,8.0,MALMO,2005,12
2005-12-16,2177,1.6,0.0,0.7,-0.9,5.2,MALMO,2005,12
2005-12-17,2178,2.2,0.01,-1.6,-5.1,1.4,MALMO,2005,12
2005-12-18,2179,2.9,0.0,-1.3,-3.2,2.7,MALMO,2005,12
2005-12-19,2180,1.2,0.24,-1.4,-8.9,2.2,MALMO,2005,12
2005-12-20,2181,2.4,0.12,2.9,1.2,4.7,MALMO,2005,12
2005-12-21,2182,2.1,0.36,1.8,0.4,3.1,MALMO,2005,12
2005-12-22,2183,4.1,0.0,4.5,3.1,6.0,MALMO,2005,12
2005-12-23,2184,2.5,0.32,4.1,3.0,5.4,MALMO,2005,12
2005-12-24,2185,4.5,0.06,5.6,3.4,7.7,MALMO,2005,12
2005-12-25,2186,3.2,0.01,2.3,0.3,4.3,MALMO,2005,12
2005-12-26,2187,2.5,1.42,-0.6,-2.6,3.0,MALMO,2005,12
2005-12-27,2188,3.8,0.32,-0.7,-1.7,0.2,MALMO,2005,12
2005-12-28,2189,4.2,0.29,-2.2,-2.9,-1.2,MALMO,2005,12
2005-12-29,2190,2.6,0.99,-1.9,-2.8,-1.4,MALMO,2005,12
2005-12-30,2191,3.0,0.0,0.0,-2.2,1.7,MALMO,2005,12
2005-12-31,2192,2.0,0.12,-0.5,-2.0,0.4,MALMO,2005,12
2006-01-01,2193,1.0,0.2,1.8,-1.3,2.7,MALMO,2006,1
2006-01-02,2194,0.0,0.0,1.3,0.9,2.4,MALMO,2006,1
2006-01-03,2195,0.5,0.0,0.7,0.5,0.9,MALMO,2006,1
2006-01-04,2196,2.5,0.01,-1.1,-4.2,0.6,MALMO,2006,1
2006-01-05,2197,5.9,0.0,0.8,0.0,1.8,MALMO,2006,1
2006-01-06,2198,5.5,0.0,0.3,-0.2,0.9,MALMO,2006,1
2006-01-07,2199,4.6,0.0,-0.3,-0.8,0.8,MALMO,2006,1
2006-01-08,2200,2.8,0.0,-1.8,-3.6,0.9,MALMO,2006,1
2006-01-09,2201,1.3,0.0,-4.0,-7.5,0.4,MALMO,2006,1
2006-01-10,2202,2.8,0.0,-1.0,-5.7,1.0,MALMO,2006,1
2006-01-11,2203,4.6,0.07,2.4,0.7,2.9,MALMO,2006,1
2006-01-12,2204,2.8,0.0,2.1,1.2,3.8,MALMO,2006,1
2006-01-13,2205,3.5,0.0,0.2,-0.8,1.5,MALMO,2006,1
2006-01-14,2206,3.0,0.0,-0.2,-0.8,0.3,MALMO,2006,1
2006-01-15,2207,3.4,0.0,-0.8,-1.6,0.4,MALMO,2006,1
2006-01-16,2208,2.6,0.0,-1.9,-3.1,-0.6,MALMO,2006,1
2006-01-17,2209,4.9,0.0,-1.1,-3.6,-0.2,MALMO,2006,1
2006-01-18,2210,4.3,0.0,-1.1,-1.7,-0.2,MALMO,2006,1
2006-01-19,2211,4.4,0.73,-3.1,-3.8,-1.5,MALMO,2006,1
2006-01-20,2212,6.5,0.78,-2.9,-3.8,-2.5,MALMO,2006,1
2006-01-21,2213,3.7,0.02,-3.3,-4.6,-1.2,MALMO,2006,1
2006-01-22,2214,0.9,0.0,-10.7,-13.2,-4.0,MALMO,2006,1
2006-01-23,2215,1.8,0.01,-6.8,-15.4,-4.3,MALMO,2006,1
2006-01-24,2216,2.4,0.0,-4.6,-7.6,-1.9,MALMO,2006,1
2006-01-25,2217,2.0,0.0,-1.1,-2.9,-0.5,MALMO,2006,1
2006-01-26,2218,1.2,0.0,-1.6,-2.9,0.7,MALMO,2006,1
2006-01-27,2219,0.3,0.0,-8.2,-12.5,-1.3,MALMO,2006,1
2006-01-28,2220,1.8,0.0,-2.9,-9.5,0.5,MALMO,2006,1
2006-01-29,2221,1.0,0.0,-1.6,-6.4,-0.3,MALMO,2006,1
2006-01-30,2222,1.8,0.0,-2.0,-5.1,0.5,MALMO,2006,1
2006-01-31,2223,3.0,0.0,1.1,-0.6,4.2,MALMO,2006,1
2006-02-01,2224,3.5,0.0,0.6,-0.8,1.6,MALMO,2006,2
2006-02-02,2225,3.1,0.0,0.3,-0.1,1.0,MALMO,2006,2
2006-02-03,2226,1.6,0.0,-0.2,-2.0,1.8,MALMO,2006,2
2006-02-04,2227,1.5,0.09,-5.5,-8.8,0.6,MALMO,2006,2
2006-02-05,2228,0.6,0.23,-5.6,-9.7,-2.8,MALMO,2006,2
2006-02-06,2229,4.3,1.82,-1.4,-6.5,0.5,MALMO,2006,2
2006-02-07,2230,3.6,0.19,2.6,0.2,4.9,MALMO,2006,2
2006-02-08,2231,3.2,0.24,2.1,-1.0,3.0,MALMO,2006,2
2006-02-09,2232,2.7,0.27,1.0,0.5,2.4,MALMO,2006,2
2006-02-10,2233,1.8,0.0,1.5,0.3,3.6,MALMO,2006,2
2006-02-11,2234,1.5,0.0,-1.1,-2.6,1.3,MALMO,2006,2
2006-02-12,2235,0.8,0.0,-2.6,-5.5,1.5,MALMO,2006,2
2006-02-13,2236,1.5,0.0,0.1,-3.3,1.7,MALMO,2006,2
2006-02-14,2237,1.8,0.0,-0.5,-3.0,2.7,MALMO,2006,2
2006-02-15,2238,5.6,0.49,0.1,-0.8,0.9,MALMO,2006,2
2006-02-16,2239,5.0,0.11,0.6,0.3,1.1,MALMO,2006,2
2006-02-17,2240,4.6,0.1,0.0,-0.5,0.5,MALMO,2006,2
2006-02-18,2241,1.8,0.0,1.3,-0.1,2.1,MALMO,2006,2
2006-02-19,2242,1.1,0.0,1.5,-1.3,3.2,MALMO,2006,2
2006-02-20,2243,1.5,0.0,1.6,0.6,2.7,MALMO,2006,2
2006-02-21,2244,4.0,0.0,1.1,0.7,2.1,MALMO,2006,2
2006-02-22,2245,2.4,0.0,-0.8,-1.9,0.8,MALMO,2006,2
2006-02-23,2246,2.8,0.0,0.4,-0.7,2.6,MALMO,2006,2
2006-02-24,2247,1.8,0.01,-0.1,-1.9,1.9,MALMO,2006,2
2006-02-25,2248,1.3,0.0,-0.3,-0.9,0.4,MALMO,2006,2
2006-02-26,2249,2.0,0.04,-2.2,-4.9,1.1,MALMO,2006,2
2006-02-27,2250,1.4,0.0,-4.1,-7.9,0.0,MALMO,2006,2
2006-02-28,2251,4.2,0.66,-0.7,-2.9,0.2,MALMO,2006,2
2006-03-01,2252,1.9,0.13,-0.2,-1.0,1.7,MALMO,2006,3
2006-03-02,2253,3.3,0.64,0.4,-1.4,2.1,MALMO,2006,3
2006-03-03,2254,2.2,0.04,0.0,-0.9,1.7,MALMO,2006,3
2006-03-04,2255,2.1,0.06,-3.0,-4.9,-0.6,MALMO,2006,3
2006-03-05,2256,2.2,0.94,-4.9,-8.6,-1.3,MALMO,2006,3
2006-03-06,2257,1.5,0.16,-7.3,-13.3,-1.8,MALMO,2006,3
2006-03-07,2258,0.9,0.0,-7.7,-14.5,-1.0,MALMO,2006,3
2006-03-08,2259,2.1,0.0,-4.6,-13.1,0.0,MALMO,2006,3
2006-03-09,2260,4.3,0.0,-2.4,-6.7,1.0,MALMO,2006,3
2006-03-10,2261,4.2,0.0,-4.5,-6.1,-1.5,MALMO,2006,3
2006-03-11,2262,3.1,0.0,-6.5,-10.4,-2.1,MALMO,2006,3
2006-03-12,2263,1.4,0.0,-5.7,-10.6,-0.7,MALMO,2006,3
2006-03-13,2264,0.6,0.0,-6.7,-13.5,-0.7,MALMO,2006,3
2006-03-14,2265,0.5,0.0,-5.8,-12.8,0.3,MALMO,2006,3
2006-03-15,2266,2.5,0.0,-0.4,-2.9,1.4,MALMO,2006,3
2006-03-16,2267,2.4,0.0,0.3,-0.8,2.1,MALMO,2006,3
2006-03-17,2268,2.2,0.0,-1.2,-3.9,1.3,MALMO,2006,3
2006-03-18,2269,1.5,0.0,-1.6,-4.2,1.7,MALMO,2006,3
2006-03-19,2270,2.3,0.0,1.2,-2.2,3.9,MALMO,2006,3
2006-03-20,2271,2.0,0.0,-2.3,-5.4,0.6,MALMO,2006,3
2006-03-21,2272,1.2,0.0,-2.0,-8.1,2.8,MALMO,2006,3
2006-03-22,2273,2.5,0.0,0.0,-5.6,3.8,MALMO,2006,3
2006-03-23,2274,2.1,0.0,1.2,-2.0,5.2,MALMO,2006,3
2006-03-24,2275,2.0,0.0,1.3,-3.0,5.3,MALMO,2006,3
2006-03-25,2276,5.5,0.0,0.6,-1.7,3.2,MALMO,2006,3
2006-03-26,2277,4.5,0.51,1.0,-0.2,1.6,MALMO,2006,3
2006-03-27,2278,2.0,0.74,7.0,1.5,10.7,MALMO,2006,3
2006-03-28,2279,3.6,0.0,8.0,6.5,10.5,MALMO,2006,3
2006-03-29,2280,3.2,0.0,6.1,3.8,8.6,MALMO,2006,3
2006-03-30,2281,3.8,0.59,4.3,0.7,7.3,MALMO,2006,3
2006-03-31,2282,4.2,0.0,6.6,4.0,8.7,MALMO,2006,3
2006-04-01,2283,2.5,0.79,5.4,3.6,6.9,MALMO,2006,4
2006-04-02,2284,2.4,0.86,5.7,2.8,10.1,MALMO,2006,4
2006-04-03,2285,2.3,0.31,4.7,3.0,6.9,MALMO,2006,4
2006-04-04,2286,2.1,0.64,2.2,0.8,6.9,MALMO,2006,4
2006-04-05,2287,2.8,0.05,2.8,0.8,4.9,MALMO,2006,4
2006-04-06,2288,3.4,0.16,3.4,-0.6,6.4,MALMO,2006,4
2006-04-07,2289,3.5,0.05,6.3,3.5,10.5,MALMO,2006,4
2006-04-08,2290,3.4,0.1,5.9,3.1,10.3,MALMO,2006,4
2006-04-09,2291,4.6,0.3,4.2,1.6,6.7,MALMO,2006,4
2006-04-10,2292,2.5,0.01,5.3,2.8,7.9,MALMO,2006,4
2006-04-11,2293,1.6,0.0,2.9,-2.7,8.7,MALMO,2006,4
2006-04-12,2294,2.3,0.0,4.0,2.3,5.5,MALMO,2006,4
2006-04-13,2295,4.0,0.18,5.5,3.1,8.0,MALMO,2006,4
2006-04-14,2296,5.6,0.0,7.1,4.5,10.8,MALMO,2006,4
2006-04-15,2297,3.5,0.0,7.5,4.1,12.3,MALMO,2006,4
2006-04-16,2298,2.4,0.0,8.0,2.8,12.0,MALMO,2006,4
2006-04-17,2299,4.3,0.14,7.3,4.7,12.2,MALMO,2006,4
2006-04-18,2300,4.2,0.13,7.2,3.9,11.2,MALMO,2006,4
2006-04-19,2301,3.4,0.42,7.0,4.3,10.3,MALMO,2006,4
2006-04-20,2302,2.7,0.0,6.7,5.9,8.8,MALMO,2006,4
2006-04-21,2303,1.9,0.0,6.0,2.7,8.8,MALMO,2006,4
2006-04-22,2304,5.5,0.0,8.0,4.6,12.7,MALMO,2006,4
2006-04-23,2305,2.2,0.0,7.7,3.1,12.2,MALMO,2006,4
2006-04-24,2306,1.4,0.0,7.6,0.5,12.3,MALMO,2006,4
2006-04-25,2307,2.0,0.0,7.9,0.9,14.3,MALMO,2006,4
2006-04-26,2308,2.9,0.2,9.4,7.4,12.4,MALMO,2006,4
2006-04-27,2309,1.5,0.24,7.0,6.3,9.4,MALMO,2006,4
2006-04-28,2310,2.8,0.0,8.4,4.5,12.9,MALMO,2006,4
2006-04-29,2311,2.0,0.06,5.5,-0.4,10.5,MALMO,2006,4
2006-04-30,2312,2.7,0.0,6.4,5.4,8.1,MALMO,2006,4
2006-05-01,2313,3.1,0.0,6.7,2.3,10.9,MALMO,2006,5
2006-05-02,2314,2.3,0.03,7.3,2.2,12.4,MALMO,2006,5
2006-05-03,2315,3.4,0.0,11.6,2.2,17.4,MALMO,2006,5
2006-05-04,2316,4.0,0.0,14.3,6.4,21.1,MALMO,2006,5
2006-05-05,2317,3.8,0.0,14.2,6.3,21.8,MALMO,2006,5
2006-05-06,2318,4.1,0.0,14.0,7.7,22.0,MALMO,2006,5
2006-05-07,2319,3.7,0.0,16.3,10.0,23.7,MALMO,2006,5
2006-05-08,2320,4.1,0.0,14.9,5.4,23.1,MALMO,2006,5
2006-05-09,2321,3.0,0.0,15.5,6.7,22.3,MALMO,2006,5
2006-05-10,2322,1.5,0.0,14.4,6.3,21.1,MALMO,2006,5
2006-05-11,2323,2.3,0.0,16.9,9.1,22.4,MALMO,2006,5
2006-05-12,2324,2.3,0.0,14.6,7.7,20.8,MALMO,2006,5
2006-05-13,2325,1.9,0.0,12.9,8.6,17.0,MALMO,2006,5
2006-05-14,2326,5.3,0.0,10.9,7.7,14.7,MALMO,2006,5
2006-05-15,2327,2.5,0.0,9.3,6.0,12.6,MALMO,2006,5
2006-05-16,2328,2.8,0.64,8.0,6.8,10.0,MALMO,2006,5
2006-05-17,2329,1.6,0.0,9.7,6.9,14.1,MALMO,2006,5
2006-05-18,2330,3.7,0.96,10.2,6.4,13.1,MALMO,2006,5
2006-05-19,2331,2.6,0.19,11.0,8.0,15.1,MALMO,2006,5
2006-05-20,2332,3.0,0.91,12.3,10.3,15.6,MALMO,2006,5
2006-05-21,2333,4.0,0.03,11.9,10.3,15.3,MALMO,2006,5
2006-05-22,2334,2.8,0.5,11.9,6.1,16.6,MALMO,2006,5
2006-05-23,2335,4.5,0.03,11.7,10.2,14.5,MALMO,2006,5
2006-05-24,2336,3.7,0.42,10.1,7.2,14.0,MALMO,2006,5
2006-05-25,2337,4.4,0.44,10.0,7.0,14.4,MALMO,2006,5
2006-05-26,2338,4.4,0.09,10.8,7.1,14.8,MALMO,2006,5
2006-05-27,2339,2.2,0.54,10.6,6.2,14.6,MALMO,2006,5
2006-05-28,2340,3.2,1.26,10.0,8.7,11.3,MALMO,2006,5
2006-05-29,2341,3.2,0.02,10.4,7.8,13.8,MALMO,2006,5
2006-05-30,2342,3.5,0.0,12.5,8.3,17.6,MALMO,2006,5
2006-05-31,2343,3.2,0.24,11.7,7.1,16.2,MALMO,2006,5
2006-06-01,2344,1.1,0.45,10.8,7.8,15.4,MALMO,2006,6
2006-06-02,2345,2.7,0.02,13.2,7.1,17.5,MALMO,2006,6
2006-06-03,2346,4.0,0.06,12.5,11.4,15.5,MALMO,2006,6
2006-06-04,2347,4.5,0.0,13.3,8.3,18.1,MALMO,2006,6
2006-06-05,2348,1.4,0.19,12.4,8.9,16.1,MALMO,2006,6
2006-06-06,2349,1.2,0.0,13.8,8.8,20.0,MALMO,2006,6
2006-06-07,2350,2.8,0.0,14.1,7.3,19.0,MALMO,2006,6
2006-06-08,2351,1.8,0.0,14.7,10.2,19.2,MALMO,2006,6
2006-06-09,2352,1.6,0.0,14.7,9.1,19.7,MALMO,2006,6
2006-06-10,2353,0.9,0.0,16.7,8.9,22.6,MALMO,2006,6
2006-06-11,2354,1.0,0.0,18.9,8.8,25.5,MALMO,2006,6
2006-06-12,2355,0.9,0.0,20.8,11.4,27.3,MALMO,2006,6
2006-06-13,2356,1.8,0.0,21.0,11.9,27.6,MALMO,2006,6
2006-06-14,2357,2.8,0.11,19.2,15.8,24.1,MALMO,2006,6
2006-06-15,2358,2.5,0.0,16.3,12.0,21.3,MALMO,2006,6
2006-06-16,2359,2.0,0.0,16.1,9.2,21.2,MALMO,2006,6
2006-06-17,2360,1.4,0.01,16.9,11.9,22.5,MALMO,2006,6
2006-06-18,2361,1.6,0.0,19.1,14.6,24.1,MALMO,2006,6
2006-06-19,2362,2.9,0.0,20.1,14.2,25.1,MALMO,2006,6
2006-06-20,2363,2.1,0.04,19.9,16.8,23.6,MALMO,2006,6
2006-06-21,2364,2.2,0.05,18.2,15.7,22.1,MALMO,2006,6
2006-06-22,2365,3.2,0.0,16.6,15.2,20.1,MALMO,2006,6
2006-06-23,2366,3.5,0.0,16.9,13.1,20.6,MALMO,2006,6
2006-06-24,2367,1.2,0.0,16.3,9.5,21.1,MALMO,2006,6
2006-06-25,2368,2.2,0.68,20.1,12.9,26.0,MALMO,2006,6
2006-06-26,2369,1.9,0.52,19.1,16.1,22.0,MALMO,2006,6
2006-06-27,2370,3.7,0.0,17.5,16.2,20.4,MALMO,2006,6
2006-06-28,2371,4.0,0.0,14.6,13.2,17.7,MALMO,2006,6
2006-06-29,2372,1.5,0.0,16.0,13.6,19.7,MALMO,2006,6
2006-06-30,2373,1.2,0.0,17.5,9.5,23.5,MALMO,2006,6
2006-07-01,2374,1.6,0.0,18.6,9.4,25.2,MALMO,2006,7
2006-07-02,2375,2.3,0.0,19.6,9.9,26.1,MALMO,2006,7
2006-07-03,2376,1.9,0.0,20.5,10.3,27.4,MALMO,2006,7
2006-07-04,2377,1.4,0.0,20.9,11.0,28.0,MALMO,2006,7
2006-07-05,2378,2.3,0.0,21.7,10.8,28.8,MALMO,2006,7
2006-07-06,2379,1.8,0.0,24.5,17.9,30.2,MALMO,2006,7
2006-07-07,2380,1.2,0.0,22.5,15.0,28.7,MALMO,2006,7
2006-07-08,2381,1.4,0.25,20.2,17.3,24.6,MALMO,2006,7
2006-07-09,2382,2.4,0.05,20.3,13.8,25.7,MALMO,2006,7
2006-07-10,2383,3.0,0.0,21.5,19.3,24.6,MALMO,2006,7
2006-07-11,2384,2.3,0.0,20.8,14.7,25.8,MALMO,2006,7
2006-07-12,2385,1.8,0.0,19.2,14.5,24.1,MALMO,2006,7
2006-07-13,2386,2.0,0.0,19.0,11.3,25.6,MALMO,2006,7
2006-07-14,2387,5.0,0.0,18.9,14.7,23.3,MALMO,2006,7
2006-07-15,2388,1.8,0.0,18.7,10.7,25.5,MALMO,2006,7
2006-07-16,2389,1.2,0.0,20.8,11.5,27.6,MALMO,2006,7
2006-07-17,2390,2.6,0.0,21.4,11.8,27.3,MALMO,2006,7
2006-07-18,2391,3.3,0.0,22.1,17.7,26.9,MALMO,2006,7
2006-07-19,2392,1.3,0.0,22.3,14.9,28.0,MALMO,2006,7
2006-07-20,2393,1.2,0.0,22.8,13.6,31.4,MALMO,2006,7
2006-07-21,2394,0.7,0.1,22.1,19.7,27.5,MALMO,2006,7
2006-07-22,2395,2.0,0.0,22.3,17.0,26.4,MALMO,2006,7
2006-07-23,2396,0.8,0.0,21.3,15.5,27.6,MALMO,2006,7
2006-07-24,2397,2.6,0.0,21.9,17.2,25.9,MALMO,2006,7
2006-07-25,2398,2.2,0.0,22.6,17.8,28.2,MALMO,2006,7
2006-07-26,2399,1.0,0.0,22.7,12.7,29.7,MALMO,2006,7
2006-07-27,2400,2.4,0.0,23.6,16.8,29.1,MALMO,2006,7
2006-07-28,2401,1.1,0.05,21.5,18.7,25.3,MALMO,2006,7
2006-07-29,2402,1.7,0.0,22.1,16.9,28.9,MALMO,2006,7
2006-07-30,2403,1.1,0.2,22.5,14.3,29.1,MALMO,2006,7
2006-07-31,2404,2.0,0.05,21.6,19.2,25.8,MALMO,2006,7
2006-08-01,2405,2.0,1.62,20.8,14.3,25.6,MALMO,2006,8
2006-08-02,2406,0.9,1.93,17.5,14.5,22.4,MALMO,2006,8
2006-08-03,2407,1.0,0.0,18.6,12.9,22.5,MALMO,2006,8
2006-08-04,2408,0.7,0.0,19.1,11.2,25.8,MALMO,2006,8
2006-08-05,2409,2.4,0.0,20.7,15.3,26.0,MALMO,2006,8
2006-08-06,2410,1.7,0.0,21.1,14.2,27.6,MALMO,2006,8
2006-08-07,2411,3.3,0.0,19.8,10.8,26.9,MALMO,2006,8
2006-08-08,2412,2.7,0.06,20.1,16.6,26.4,MALMO,2006,8
2006-08-09,2413,0.9,0.0,19.0,15.2,24.3,MALMO,2006,8
2006-08-10,2414,1.3,0.23,17.8,13.6,22.3,MALMO,2006,8
2006-08-11,2415,1.3,2.54,15.7,12.0,19.9,MALMO,2006,8
2006-08-12,2416,1.7,1.87,16.1,14.9,19.0,MALMO,2006,8
2006-08-13,2417,1.5,3.13,16.9,12.7,21.6,MALMO,2006,8
2006-08-14,2418,2.2,1.42,16.5,13.8,20.4,MALMO,2006,8
2006-08-15,2419,3.7,0.21,16.5,13.2,20.0,MALMO,2006,8
2006-08-16,2420,3.1,0.63,18.4,15.8,21.7,MALMO,2006,8
2006-08-17,2421,0.5,0.02,17.6,13.8,22.1,MALMO,2006,8
2006-08-18,2422,1.7,0.05,18.1,11.7,23.9,MALMO,2006,8
2006-08-19,2423,1.4,0.05,20.2,17.0,24.2,MALMO,2006,8
2006-08-20,2424,1.0,0.37,17.4,13.8,20.9,MALMO,2006,8
2006-08-21,2425,1.2,0.4,17.7,14.1,21.7,MALMO,2006,8
2006-08-22,2426,1.7,0.8,17.8,14.9,21.3,MALMO,2006,8
2006-08-23,2427,3.4,1.45,17.5,15.7,21.2,MALMO,2006,8
2006-08-24,2428,1.4,0.0,17.8,14.3,21.8,MALMO,2006,8
2006-08-25,2429,0.4,0.0,16.4,10.2,22.5,MALMO,2006,8
2006-08-26,2430,0.4,0.92,16.7,13.9,22.7,MALMO,2006,8
2006-08-27,2431,1.8,0.09,15.9,13.0,19.2,MALMO,2006,8
2006-08-28,2432,3.3,0.0,16.9,14.9,20.3,MALMO,2006,8
2006-08-29,2433,1.0,1.24,13.4,11.1,17.8,MALMO,2006,8
2006-08-30,2434,2.5,0.11,15.2,12.2,19.8,MALMO,2006,8
2006-08-31,2435,3.5,0.31,17.0,14.4,20.1,MALMO,2006,8
2006-09-01,2436,2.9,0.14,17.4,14.5,20.4,MALMO,2006,9
2006-09-02,2437,1.6,0.56,18.0,14.6,21.7,MALMO,2006,9
2006-09-03,2438,3.7,0.0,17.4,15.9,20.4,MALMO,2006,9
2006-09-04,2439,6.9,0.0,16.7,15.1,19.5,MALMO,2006,9
2006-09-05,2440,5.9,0.0,16.3,14.1,19.9,MALMO,2006,9
2006-09-06,2441,2.1,0.05,15.6,13.1,18.0,MALMO,2006,9
2006-09-07,2442,2.4,0.11,15.7,14.0,18.4,MALMO,2006,9
2006-09-08,2443,4.3,0.0,15.3,12.2,18.9,MALMO,2006,9
2006-09-09,2444,3.5,0.0,16.1,11.8,20.3,MALMO,2006,9
2006-09-10,2445,1.0,0.0,13.8,10.0,18.2,MALMO,2006,9
2006-09-11,2446,1.3,0.0,14.2,6.3,21.2,MALMO,2006,9
2006-09-12,2447,2.3,0.0,17.3,11.2,23.4,MALMO,2006,9
2006-09-13,2448,2.2,0.0,18.0,13.2,23.3,MALMO,2006,9
2006-09-14,2449,1.9,0.0,17.5,12.0,23.2,MALMO,2006,9
2006-09-15,2450,3.9,0.0,17.1,12.9,21.8,MALMO,2006,9
2006-09-16,2451,3.2,0.0,17.2,15.1,20.8,MALMO,2006,9
2006-09-17,2452,3.0,0.0,16.8,13.5,21.9,MALMO,2006,9
2006-09-18,2453,0.8,0.0,17.3,13.1,22.9,MALMO,2006,9
2006-09-19,2454,2.5,0.05,16.6,13.4,19.5,MALMO,2006,9
2006-09-20,2455,3.3,0.0,15.9,13.4,19.0,MALMO,2006,9
2006-09-21,2456,1.5,0.0,16.0,11.2,21.4,MALMO,2006,9
2006-09-22,2457,3.3,0.0,16.9,12.0,21.3,MALMO,2006,9
2006-09-23,2458,4.3,0.0,17.0,15.0,20.0,MALMO,2006,9
2006-09-24,2459,3.7,0.0,17.9,14.1,22.1,MALMO,2006,9
2006-09-25,2460,3.8,0.0,18.4,14.8,23.5,MALMO,2006,9
2006-09-26,2461,2.3,0.0,17.6,14.9,21.9,MALMO,2006,9
2006-09-27,2462,1.2,0.35,15.1,11.8,18.1,MALMO,2006,9
2006-09-28,2463,1.7,0.05,15.5,13.1,18.1,MALMO,2006,9
2006-09-29,2464,1.1,0.0,17.1,14.5,21.1,MALMO,2006,9
2006-09-30,2465,1.2,0.5,17.1,14.8,21.4,MALMO,2006,9
2006-10-01,2466,1.2,0.4,14.5,9.8,18.7,MALMO,2006,10
2006-10-02,2467,2.6,0.3,15.4,13.3,17.4,MALMO,2006,10
2006-10-03,2468,2.1,0.35,14.6,13.6,17.3,MALMO,2006,10
2006-10-04,2469,1.8,0.03,13.9,9.5,18.2,MALMO,2006,10
2006-10-05,2470,2.3,0.45,12.9,11.5,15.9,MALMO,2006,10
2006-10-06,2471,3.0,0.85,14.2,10.9,17.0,MALMO,2006,10
2006-10-07,2472,4.7,0.23,14.1,12.0,17.2,MALMO,2006,10
2006-10-08,2473,4.5,0.0,14.4,12.0,16.4,MALMO,2006,10
2006-10-09,2474,1.3,0.0,13.8,11.6,16.7,MALMO,2006,10
2006-10-10,2475,0.5,0.0,12.3,9.6,17.8,MALMO,2006,10
2006-10-11,2476,2.3,0.0,12.6,9.3,15.7,MALMO,2006,10
2006-10-12,2477,3.0,0.0,13.9,12.1,16.8,MALMO,2006,10
2006-10-13,2478,1.4,0.0,11.4,8.8,15.7,MALMO,2006,10
2006-10-14,2479,0.3,0.0,9.8,6.4,14.8,MALMO,2006,10
2006-10-15,2480,0.8,0.0,9.0,3.5,15.9,MALMO,2006,10
2006-10-16,2481,0.1,0.0,9.5,5.3,12.1,MALMO,2006,10
2006-10-17,2482,1.0,0.0,9.4,6.9,14.3,MALMO,2006,10
2006-10-18,2483,0.5,0.0,9.0,4.1,13.5,MALMO,2006,10
2006-10-19,2484,1.2,0.01,12.6,10.8,15.3,MALMO,2006,10
2006-10-20,2485,1.5,0.09,12.3,10.1,15.0,MALMO,2006,10
2006-10-21,2486,1.5,0.12,13.1,10.8,14.7,MALMO,2006,10
2006-10-22,2487,2.0,0.16,13.7,12.2,15.3,MALMO,2006,10
2006-10-23,2488,2.8,1.12,14.2,12.5,16.1,MALMO,2006,10
2006-10-24,2489,3.0,0.9,13.6,12.0,16.0,MALMO,2006,10
2006-10-25,2490,2.5,0.05,9.7,6.8,13.8,MALMO,2006,10
2006-10-26,2491,3.8,0.3,12.9,5.2,14.9,MALMO,2006,10
2006-10-27,2492,7.3,0.0,12.7,10.7,16.1,MALMO,2006,10
2006-10-28,2493,2.3,1.72,10.4,7.8,12.5,MALMO,2006,10
2006-10-29,2494,2.2,0.04,6.2,3.2,12.2,MALMO,2006,10
2006-10-30,2495,2.6,0.2,8.6,1.3,11.3,MALMO,2006,10
2006-10-31,2496,5.1,0.58,11.7,9.4,12.7,MALMO,2006,10
2006-11-01,2497,5.2,0.12,2.9,-1.0,11.6,MALMO,2006,11
2006-11-02,2498,2.2,0.0,-0.1,-3.7,5.4,MALMO,2006,11
2006-11-03,2499,1.8,0.0,1.3,-5.0,5.9,MALMO,2006,11
2006-11-04,2500,4.7,0.0,8.5,4.3,10.7,MALMO,2006,11
2006-11-05,2501,4.8,0.5,9.6,7.8,11.6,MALMO,2006,11
2006-11-06,2502,8.1,0.0,11.5,6.7,13.0,MALMO,2006,11
2006-11-07,2503,5.7,0.0,10.4,9.5,12.6,MALMO,2006,11
2006-11-08,2504,3.8,1.08,9.3,8.5,10.9,MALMO,2006,11
2006-11-09,2505,4.5,0.21,8.1,6.0,10.9,MALMO,2006,11
2006-11-10,2506,0.8,0.0,3.4,-0.4,7.4,MALMO,2006,11
2006-11-11,2507,4.2,1.27,7.4,4.3,9.1,MALMO,2006,11
2006-11-12,2508,5.0,0.45,6.9,4.1,9.8,MALMO,2006,11
2006-11-13,2509,3.7,0.99,7.1,0.9,9.7,MALMO,2006,11
2006-11-14,2510,3.9,0.08,9.1,7.9,10.6,MALMO,2006,11
2006-11-15,2511,2.7,0.0,9.9,7.6,11.2,MALMO,2006,11
2006-11-16,2512,2.8,0.0,10.3,9.1,12.0,MALMO,2006,11
2006-11-17,2513,1.6,0.11,10.8,10.2,11.8,MALMO,2006,11
2006-11-18,2514,2.3,0.01,9.7,7.3,11.3,MALMO,2006,11
2006-11-19,2515,1.5,0.83,5.8,4.5,9.4,MALMO,2006,11
2006-11-20,2516,3.8,0.38,6.0,2.6,7.4,MALMO,2006,11
2006-11-21,2517,2.8,0.66,6.9,6.1,7.5,MALMO,2006,11
2006-11-22,2518,2.3,0.06,5.7,3.4,7.6,MALMO,2006,11
2006-11-23,2519,4.3,0.94,6.3,4.9,7.3,MALMO,2006,11
2006-11-24,2520,2.6,0.0,8.7,7.3,10.2,MALMO,2006,11
2006-11-25,2521,4.4,0.06,9.9,7.9,11.0,MALMO,2006,11
2006-11-26,2522,2.9,0.0,9.7,8.6,12.8,MALMO,2006,11
2006-11-27,2523,1.5,0.07,7.9,6.0,9.7,MALMO,2006,11
2006-11-28,2524,2.0,0.0,8.0,6.3,11.0,MALMO,2006,11
2006-11-29,2525,1.8,0.0,8.1,6.0,10.2,MALMO,2006,11
2006-11-30,2526,3.0,0.0,8.0,6.5,8.9,MALMO,2006,11
2006-12-01,2527,3.0,0.0,6.9,5.7,7.9,MALMO,2006,12
2006-12-02,2528,3.2,0.01,7.9,7.3,8.4,MALMO,2006,12
2006-12-03,2529,3.5,0.16,7.8,6.7,9.4,MALMO,2006,12
2006-12-04,2530,3.8,0.49,7.9,7.3,9.2,MALMO,2006,12
2006-12-05,2531,4.7,0.23,9.9,7.1,11.8,MALMO,2006,12
2006-12-06,2532,4.5,0.06,9.4,7.7,11.9,MALMO,2006,12
2006-12-07,2533,5.7,0.95,7.5,6.8,9.0,MALMO,2006,12
2006-12-08,2534,4.9,0.2,8.8,6.7,9.7,MALMO,2006,12
2006-12-09,2535,3.9,0.0,8.6,7.6,10.6,MALMO,2006,12
2006-12-10,2536,3.0,0.0,5.9,4.7,7.8,MALMO,2006,12
2006-12-11,2537,5.2,0.93,5.9,4.8,6.7,MALMO,2006,12
2006-12-12,2538,3.5,0.12,6.2,4.7,7.9,MALMO,2006,12
2006-12-13,2539,5.2,0.81,7.6,6.4,8.7,MALMO,2006,12
2006-12-14,2540,6.3,0.13,9.5,7.5,10.1,MALMO,2006,12
2006-12-15,2541,5.2,0.51,9.1,8.1,10.5,MALMO,2006,12
2006-12-16,2542,4.3,0.3,6.7,5.9,8.2,MALMO,2006,12
2006-12-17,2543,3.4,0.43,5.5,4.8,6.6,MALMO,2006,12
2006-12-18,2544,1.7,0.0,1.8,-0.9,5.4,MALMO,2006,12
2006-12-19,2545,3.5,0.0,5.6,1.2,6.7,MALMO,2006,12
2006-12-20,2546,2.5,0.02,5.6,1.4,8.9,MALMO,2006,12
2006-12-21,2547,2.7,0.0,5.7,0.0,7.0,MALMO,2006,12
2006-12-22,2548,4.3,0.0,6.5,5.6,7.4,MALMO,2006,12
2006-12-23,2549,3.8,0.0,6.9,6.0,7.3,MALMO,2006,12
2006-12-24,2550,3.1,0.0,7.6,6.9,8.2,MALMO,2006,12
2006-12-25,2551,0.6,0.0,2.9,0.3,8.0,MALMO,2006,12
2006-12-26,2552,3.9,0.0,5.2,3.2,6.2,MALMO,2006,12
2006-12-27,2553,4.5,0.0,6.0,5.5,6.4,MALMO,2006,12
2006-12-28,2554,3.3,0.09,4.7,4.0,6.4,MALMO,2006,12
2006-12-29,2555,1.5,0.0,3.0,-0.5,5.9,MALMO,2006,12
2006-12-30,2556,4.5,1.32,6.0,4.0,7.4,MALMO,2006,12
2006-12-31,2557,5.7,0.5,7.0,5.9,8.3,MALMO,2006,12
2007-01-01,2558,7.7,0.0,7.5,6.2,8.3,MALMO,2007,1
2007-01-02,2559,5.5,0.0,5.8,5.0,7.6,MALMO,2007,1
2007-01-03,2560,4.3,0.27,5.7,4.4,7.0,MALMO,2007,1
2007-01-04,2561,5.1,0.56,7.1,5.4,7.9,MALMO,2007,1
2007-01-05,2562,5.1,0.09,6.7,6.1,8.3,MALMO,2007,1
2007-01-06,2563,3.3,0.07,6.3,5.6,8.3,MALMO,2007,1
2007-01-07,2564,3.5,0.13,6.2,5.2,6.9,MALMO,2007,1
2007-01-08,2565,4.5,0.25,6.6,6.2,7.7,MALMO,2007,1
2007-01-09,2566,5.7,0.05,8.8,5.3,10.5,MALMO,2007,1
2007-01-10,2567,4.7,0.97,8.9,8.1,10.6,MALMO,2007,1
2007-01-11,2568,6.2,0.96,5.7,4.2,9.4,MALMO,2007,1
2007-01-12,2569,8.5,0.19,6.8,5.4,8.2,MALMO,2007,1
2007-01-13,2570,5.7,0.06,8.1,6.2,10.5,MALMO,2007,1
2007-01-14,2571,9.5,0.0,6.3,4.9,8.9,MALMO,2007,1
2007-01-15,2572,6.2,0.0,7.2,6.5,7.6,MALMO,2007,1
2007-01-16,2573,3.9,0.07,6.1,4.6,7.3,MALMO,2007,1
2007-01-17,2574,4.0,0.61,6.8,4.7,8.6,MALMO,2007,1
2007-01-18,2575,5.1,0.93,6.1,4.0,8.4,MALMO,2007,1
2007-01-19,2576,6.2,0.14,5.8,2.3,7.7,MALMO,2007,1
2007-01-20,2577,6.0,1.59,6.0,2.0,9.0,MALMO,2007,1
2007-01-21,2578,6.0,0.37,5.1,3.9,7.3,MALMO,2007,1
2007-01-22,2579,2.4,0.25,-1.3,-4.3,5.0,MALMO,2007,1
2007-01-23,2580,1.3,0.01,-3.2,-9.6,1.2,MALMO,2007,1
2007-01-24,2581,2.1,0.0,-3.1,-7.3,0.9,MALMO,2007,1
2007-01-25,2582,2.5,0.0,-6.2,-7.1,-3.7,MALMO,2007,1
2007-01-26,2583,5.7,0.21,1.1,-9.0,4.3,MALMO,2007,1
2007-01-27,2584,3.1,0.05,-0.4,-2.4,3.1,MALMO,2007,1
2007-01-28,2585,6.0,0.35,4.2,-2.5,6.2,MALMO,2007,1
2007-01-29,2586,3.5,0.27,1.2,-0.2,6.3,MALMO,2007,1
2007-01-30,2587,4.2,0.05,5.6,0.4,7.7,MALMO,2007,1
2007-01-31,2588,8.0,0.39,6.1,4.8,7.9,MALMO,2007,1
2007-02-01,2589,2.6,0.03,4.2,2.6,7.2,MALMO,2007,2
2007-02-02,2590,4.8,0.33,6.1,4.4,7.1,MALMO,2007,2
2007-02-03,2591,4.8,0.0,5.7,4.8,7.4,MALMO,2007,2
2007-02-04,2592,5.0,0.02,5.5,2.5,7.0,MALMO,2007,2
2007-02-05,2593,4.8,0.23,3.2,1.2,5.5,MALMO,2007,2
2007-02-06,2594,1.0,0.14,0.4,-0.6,2.8,MALMO,2007,2
2007-02-07,2595,1.0,0.02,-0.7,-2.5,2.4,MALMO,2007,2
2007-02-08,2596,2.9,0.14,-0.3,-2.7,2.4,MALMO,2007,2
2007-02-09,2597,4.5,0.0,-2.0,-3.3,0.6,MALMO,2007,2
2007-02-10,2598,2.8,0.0,-3.3,-5.2,-1.2,MALMO,2007,2
2007-02-11,2599,6.8,0.02,-1.7,-5.1,-0.3,MALMO,2007,2
2007-02-12,2600,4.0,0.11,0.3,-1.4,0.9,MALMO,2007,2
2007-02-13,2601,2.5,0.12,2.1,0.8,3.0,MALMO,2007,2
2007-02-14,2602,2.1,0.02,2.2,1.2,3.2,MALMO,2007,2
2007-02-15,2603,1.5,0.0,2.5,1.6,3.8,MALMO,2007,2
2007-02-16,2604,3.7,0.0,2.9,1.4,4.5,MALMO,2007,2
2007-02-17,2605,6.0,0.0,3.5,2.6,4.2,MALMO,2007,2
2007-02-18,2606,1.9,0.0,3.0,-0.7,6.4,MALMO,2007,2
2007-02-19,2607,1.7,0.01,3.3,2.7,4.4,MALMO,2007,2
2007-02-20,2608,2.9,0.11,3.0,1.0,6.1,MALMO,2007,2
2007-02-21,2609,9.2,0.97,-1.0,-1.7,1.0,MALMO,2007,2
2007-02-22,2610,7.3,0.0,-1.8,-2.4,-1.2,MALMO,2007,2
2007-02-23,2611,7.5,0.0,-2.4,-3.2,-1.4,MALMO,2007,2
2007-02-24,2612,7.2,0.25,-0.9,-1.9,-0.1,MALMO,2007,2
2007-02-25,2613,5.8,0.5,1.6,-0.1,2.7,MALMO,2007,2
2007-02-26,2614,2.2,0.15,2.6,2.0,4.0,MALMO,2007,2
2007-02-27,2615,3.1,0.4,2.0,0.6,3.3,MALMO,2007,2
2007-02-28,2616,3.0,0.13,3.8,0.2,6.8,MALMO,2007,2
2007-03-01,2617,2.3,0.55,4.8,4.1,6.2,MALMO,2007,3
2007-03-02,2618,2.1,0.0,3.6,2.3,5.6,MALMO,2007,3
2007-03-03,2619,0.9,0.0,3.5,2.5,5.1,MALMO,2007,3
2007-03-04,2620,1.3,0.0,4.0,1.3,8.8,MALMO,2007,3
2007-03-05,2621,5.0,0.46,4.1,0.9,6.6,MALMO,2007,3
2007-03-06,2622,3.5,0.55,5.7,2.6,7.7,MALMO,2007,3
2007-03-07,2623,2.4,0.35,7.1,5.6,9.4,MALMO,2007,3
2007-03-08,2624,2.2,0.01,5.9,4.4,7.4,MALMO,2007,3
2007-03-09,2625,3.1,0.08,4.9,3.3,7.4,MALMO,2007,3
2007-03-10,2626,3.9,0.0,5.6,3.0,9.3,MALMO,2007,3
2007-03-11,2627,4.2,0.0,8.8,5.8,12.8,MALMO,2007,3
2007-03-12,2628,1.8,0.0,7.7,2.0,13.8,MALMO,2007,3
2007-03-13,2629,1.2,0.0,5.4,0.9,12.2,MALMO,2007,3
2007-03-14,2630,4.1,0.0,7.6,2.8,11.8,MALMO,2007,3
2007-03-15,2631,3.5,0.0,7.2,4.3,10.3,MALMO,2007,3
2007-03-16,2632,4.8,0.26,7.7,6.3,10.1,MALMO,2007,3
2007-03-17,2633,7.9,0.25,6.5,3.9,9.4,MALMO,2007,3
2007-03-18,2634,7.1,0.2,6.4,4.3,8.4,MALMO,2007,3
2007-03-19,2635,6.2,0.39,4.6,1.3,8.1,MALMO,2007,3
2007-03-20,2636,1.2,0.16,3.2,-0.4,7.9,MALMO,2007,3
2007-03-21,2637,3.5,0.11,3.7,1.5,5.9,MALMO,2007,3
2007-03-22,2638,4.2,0.0,6.2,3.9,9.6,MALMO,2007,3
2007-03-23,2639,5.0,0.05,6.3,1.8,10.9,MALMO,2007,3
2007-03-24,2640,6.0,0.0,8.1,5.4,12.2,MALMO,2007,3
2007-03-25,2641,3.6,0.0,7.7,2.8,14.4,MALMO,2007,3
2007-03-26,2642,2.8,0.0,8.3,2.9,15.0,MALMO,2007,3
2007-03-27,2643,2.2,0.0,7.3,0.6,14.9,MALMO,2007,3
2007-03-28,2644,2.9,0.0,8.7,1.2,15.9,MALMO,2007,3
2007-03-29,2645,3.5,0.0,9.0,4.7,14.1,MALMO,2007,3
2007-03-30,2646,1.6,0.0,7.8,0.8,15.2,MALMO,2007,3
2007-03-31,2647,2.6,0.0,8.8,2.4,15.8,MALMO,2007,3
2007-04-01,2648,1.0,0.0,8.0,0.0,15.6,MALMO,2007,4
2007-04-02,2649,2.0,0.0,7.1,-0.8,14.8,MALMO,2007,4
2007-04-03,2650,2.2,0.05,6.1,4.4,10.3,MALMO,2007,4
2007-04-04,2651,3.5,0.0,6.3,-0.2,10.9,MALMO,2007,4
2007-04-05,2652,7.2,0.0,9.6,6.8,13.7,MALMO,2007,4
2007-04-06,2653,4.9,0.0,6.4,4.9,9.7,MALMO,2007,4
2007-04-07,2654,4.8,0.0,6.2,3.1,9.3,MALMO,2007,4
2007-04-08,2655,3.3,0.84,5.1,3.3,7.9,MALMO,2007,4
2007-04-09,2656,4.8,0.27,7.8,5.3,10.7,MALMO,2007,4
2007-04-10,2657,5.1,0.0,9.2,6.2,12.3,MALMO,2007,4
2007-04-11,2658,4.9,0.0,11.1,8.0,15.8,MALMO,2007,4
2007-04-12,2659,1.9,0.0,10.3,6.4,14.9,MALMO,2007,4
2007-04-13,2660,0.7,0.0,10.0,1.3,17.6,MALMO,2007,4
2007-04-14,2661,1.5,0.0,11.7,2.5,19.3,MALMO,2007,4
2007-04-15,2662,2.8,0.0,11.5,4.3,16.8,MALMO,2007,4
2007-04-16,2663,2.2,0.0,14.1,6.3,20.2,MALMO,2007,4
2007-04-17,2664,4.3,0.0,10.1,6.8,16.0,MALMO,2007,4
2007-04-18,2665,6.1,0.0,8.9,6.2,12.1,MALMO,2007,4
2007-04-19,2666,6.8,0.11,7.6,5.7,9.7,MALMO,2007,4
2007-04-20,2667,6.2,0.0,6.0,3.9,9.1,MALMO,2007,4
2007-04-21,2668,2.3,0.0,7.2,2.8,11.3,MALMO,2007,4
2007-04-22,2669,1.9,0.0,6.1,-1.6,11.2,MALMO,2007,4
2007-04-23,2670,1.1,0.0,12.0,7.1,15.8,MALMO,2007,4
2007-04-24,2671,1.2,0.0,11.8,3.5,18.4,MALMO,2007,4
2007-04-25,2672,2.3,0.0,10.7,5.2,15.6,MALMO,2007,4
2007-04-26,2673,1.6,0.0,14.7,4.7,21.9,MALMO,2007,4
2007-04-27,2674,1.5,0.0,15.2,4.8,23.6,MALMO,2007,4
2007-04-28,2675,3.0,0.0,11.8,7.7,18.5,MALMO,2007,4
2007-04-29,2676,2.3,0.0,8.8,1.4,14.3,MALMO,2007,4
2007-04-30,2677,1.8,0.0,9.2,6.8,13.4,MALMO,2007,4
2007-05-01,2678,1.6,0.0,8.9,0.7,14.8,MALMO,2007,5
2007-05-02,2679,1.9,0.0,12.1,5.1,18.8,MALMO,2007,5
2007-05-03,2680,1.7,0.0,9.1,2.6,15.0,MALMO,2007,5
2007-05-04,2681,0.7,0.0,10.9,1.1,17.8,MALMO,2007,5
2007-05-05,2682,1.8,0.0,11.2,3.1,18.0,MALMO,2007,5
2007-05-06,2683,1.5,0.31,12.1,1.7,20.6,MALMO,2007,5
2007-05-07,2684,2.7,0.18,11.5,8.6,15.4,MALMO,2007,5
2007-05-08,2685,3.6,0.53,10.3,8.7,14.0,MALMO,2007,5
2007-05-09,2686,5.1,0.19,9.5,7.4,11.8,MALMO,2007,5
2007-05-10,2687,3.3,0.21,9.3,5.7,14.2,MALMO,2007,5
2007-05-11,2688,1.9,0.32,10.7,9.8,12.4,MALMO,2007,5
2007-05-12,2689,2.4,0.19,9.7,6.8,14.1,MALMO,2007,5
2007-05-13,2690,2.5,0.02,13.6,9.8,17.7,MALMO,2007,5
2007-05-14,2691,3.3,0.0,15.9,12.5,20.1,MALMO,2007,5
2007-05-15,2692,4.2,0.0,11.3,7.9,16.3,MALMO,2007,5
2007-05-16,2693,1.8,0.85,9.3,6.4,12.5,MALMO,2007,5
2007-05-17,2694,2.2,0.06,10.0,9.0,11.9,MALMO,2007,5
2007-05-18,2695,2.2,0.0,11.0,5.0,15.7,MALMO,2007,5
2007-05-19,2696,2.4,0.54,13.3,10.2,17.2,MALMO,2007,5
2007-05-20,2697,0.8,0.0,14.5,8.1,19.7,MALMO,2007,5
2007-05-21,2698,2.1,0.0,17.6,10.2,23.9,MALMO,2007,5
2007-05-22,2699,2.5,0.0,15.1,12.1,20.6,MALMO,2007,5
2007-05-23,2700,2.3,0.0,13.6,10.4,16.9,MALMO,2007,5
2007-05-24,2701,1.7,0.0,14.7,9.0,19.2,MALMO,2007,5
2007-05-25,2702,0.9,0.15,17.0,12.2,23.6,MALMO,2007,5
2007-05-26,2703,1.6,0.19,12.5,9.9,17.3,MALMO,2007,5
2007-05-27,2704,2.5,0.15,14.2,9.9,18.5,MALMO,2007,5
2007-05-28,2705,1.9,1.0,16.7,13.6,21.3,MALMO,2007,5
2007-05-29,2706,4.0,0.06,18.7,14.7,23.8,MALMO,2007,5
2007-05-30,2707,2.2,0.0,14.5,13.1,20.4,MALMO,2007,5
2007-05-31,2708,0.7,0.0,14.6,7.0,19.4,MALMO,2007,5
2007-06-01,2709,1.4,0.18,17.0,12.2,22.5,MALMO,2007,6
2007-06-02,2710,2.5,0.05,13.7,11.8,17.6,MALMO,2007,6
2007-06-03,2711,2.9,0.0,14.9,8.7,21.0,MALMO,2007,6
2007-06-04,2712,1.8,0.0,15.4,12.7,18.4,MALMO,2007,6
2007-06-05,2713,2.1,0.0,18.5,14.0,24.8,MALMO,2007,6
2007-06-06,2714,2.1,0.0,19.2,14.6,24.7,MALMO,2007,6
2007-06-07,2715,2.8,0.0,20.6,14.3,26.2,MALMO,2007,6
2007-06-08,2716,1.2,0.0,20.5,11.4,27.3,MALMO,2007,6
2007-06-09,2717,1.0,0.0,20.2,10.2,28.1,MALMO,2007,6
2007-06-10,2718,0.9,0.0,22.1,12.5,28.3,MALMO,2007,6
2007-06-11,2719,1.1,0.0,23.3,13.5,31.0,MALMO,2007,6
2007-06-12,2720,3.0,0.0,21.7,15.7,26.3,MALMO,2007,6
2007-06-13,2721,2.6,0.0,17.7,15.7,23.1,MALMO,2007,6
2007-06-14,2722,2.6,0.0,15.6,13.7,19.4,MALMO,2007,6
2007-06-15,2723,2.5,0.15,11.4,6.2,16.2,MALMO,2007,6
2007-06-16,2724,2.7,2.37,13.9,12.8,15.5,MALMO,2007,6
2007-06-17,2725,1.6,0.0,16.3,11.4,20.7,MALMO,2007,6
2007-06-18,2726,1.5,0.0,17.0,12.8,21.5,MALMO,2007,6
2007-06-19,2727,1.1,0.0,17.8,12.1,22.0,MALMO,2007,6
2007-06-20,2728,2.6,0.02,17.1,9.9,22.4,MALMO,2007,6
2007-06-21,2729,2.4,3.1,19.1,16.5,22.7,MALMO,2007,6
2007-06-22,2730,3.4,0.92,15.5,13.2,18.8,MALMO,2007,6
2007-06-23,2731,1.3,0.0,16.2,11.5,20.3,MALMO,2007,6
2007-06-24,2732,1.6,0.0,16.9,12.1,21.0,MALMO,2007,6
2007-06-25,2733,1.9,1.56,18.2,13.2,22.3,MALMO,2007,6
2007-06-26,2734,2.4,0.14,16.3,15.0,19.2,MALMO,2007,6
2007-06-27,2735,3.7,3.0,14.8,12.3,19.1,MALMO,2007,6
2007-06-28,2736,5.1,0.0,13.6,10.9,16.9,MALMO,2007,6
2007-06-29,2737,3.2,0.73,15.2,11.9,18.9,MALMO,2007,6
2007-06-30,2738,2.3,0.04,14.9,12.8,18.7,MALMO,2007,6
2007-07-01,2739,1.7,0.49,14.2,7.6,18.9,MALMO,2007,7
2007-07-02,2740,4.5,1.29,16.5,13.3,21.3,MALMO,2007,7
2007-07-03,2741,1.7,0.49,17.9,14.9,21.0,MALMO,2007,7
2007-07-04,2742,1.3,1.11,16.3,13.8,20.6,MALMO,2007,7
2007-07-05,2743,4.0,7.69,14.3,13.1,17.4,MALMO,2007,7
2007-07-06,2744,2.1,0.95,15.2,13.7,17.6,MALMO,2007,7
2007-07-07,2745,4.4,0.04,16.1,14.4,18.5,MALMO,2007,7
2007-07-08,2746,6.0,0.0,16.5,13.8,20.3,MALMO,2007,7
2007-07-09,2747,3.0,0.0,16.3,12.5,20.3,MALMO,2007,7
2007-07-10,2748,2.0,0.0,15.7,11.3,20.3,MALMO,2007,7
2007-07-11,2749,2.4,0.95,14.6,12.1,17.6,MALMO,2007,7
2007-07-12,2750,3.8,0.04,15.7,13.9,18.5,MALMO,2007,7
2007-07-13,2751,1.7,0.0,16.6,14.3,20.4,MALMO,2007,7
2007-07-14,2752,2.5,0.05,19.3,12.3,26.1,MALMO,2007,7
2007-07-15,2753,2.8,0.0,19.1,15.3,23.3,MALMO,2007,7
2007-07-16,2754,2.5,0.05,20.9,15.0,26.9,MALMO,2007,7
2007-07-17,2755,2.8,0.0,20.6,15.1,24.6,MALMO,2007,7
2007-07-18,2756,3.2,0.0,19.6,14.0,24.2,MALMO,2007,7
2007-07-19,2757,2.7,0.0,18.2,15.2,22.3,MALMO,2007,7
2007-07-20,2758,1.0,0.07,17.5,11.0,22.3,MALMO,2007,7
2007-07-21,2759,2.8,0.0,17.7,13.2,21.9,MALMO,2007,7
2007-07-22,2760,1.7,4.7,14.5,12.4,19.5,MALMO,2007,7
2007-07-23,2761,2.9,0.0,16.3,12.2,20.2,MALMO,2007,7
2007-07-24,2762,2.0,0.88,15.2,11.8,20.4,MALMO,2007,7
2007-07-25,2763,4.1,0.1,17.1,14.1,20.7,MALMO,2007,7
2007-07-26,2764,2.1,1.45,18.2,14.7,21.4,MALMO,2007,7
2007-07-27,2765,3.7,0.75,16.7,13.8,20.4,MALMO,2007,7
2007-07-28,2766,3.0,0.23,16.6,13.2,20.9,MALMO,2007,7
2007-07-29,2767,3.3,0.07,16.0,14.4,19.4,MALMO,2007,7
2007-07-30,2768,3.5,0.84,14.2,11.7,17.7,MALMO,2007,7
2007-07-31,2769,4.0,0.0,14.8,12.3,18.0,MALMO,2007,7
2007-08-01,2770,2.8,0.0,16.5,11.8,20.5,MALMO,2007,8
2007-08-02,2771,1.9,0.3,16.4,12.8,20.7,MALMO,2007,8
2007-08-03,2772,2.7,0.0,16.9,14.0,20.3,MALMO,2007,8
2007-08-04,2773,1.5,0.0,16.9,11.2,21.6,MALMO,2007,8
2007-08-05,2774,1.3,0.0,19.7,13.5,25.1,MALMO,2007,8
2007-08-06,2775,3.2,0.0,19.6,13.3,25.0,MALMO,2007,8
2007-08-07,2776,2.5,0.0,20.4,14.8,25.6,MALMO,2007,8
2007-08-08,2777,1.8,0.0,20.3,14.4,26.1,MALMO,2007,8
2007-08-09,2778,1.9,0.02,21.3,16.3,26.7,MALMO,2007,8
2007-08-10,2779,1.6,0.55,21.2,19.0,24.8,MALMO,2007,8
2007-08-11,2780,1.2,0.58,20.8,17.9,26.1,MALMO,2007,8
2007-08-12,2781,1.7,0.0,19.0,18.2,22.4,MALMO,2007,8
2007-08-13,2782,1.0,0.0,18.5,12.6,23.6,MALMO,2007,8
2007-08-14,2783,1.3,0.0,18.3,12.2,22.8,MALMO,2007,8
2007-08-15,2784,2.7,0.93,17.8,14.6,21.9,MALMO,2007,8
2007-08-16,2785,3.1,0.33,17.7,15.3,20.8,MALMO,2007,8
2007-08-17,2786,3.7,0.0,16.4,14.2,19.8,MALMO,2007,8
2007-08-18,2787,2.5,0.0,16.3,13.6,20.2,MALMO,2007,8
2007-08-19,2788,3.1,0.0,17.0,11.1,22.1,MALMO,2007,8
2007-08-20,2789,3.7,0.26,17.8,15.9,21.0,MALMO,2007,8
2007-08-21,2790,4.1,0.0,18.5,16.8,20.1,MALMO,2007,8
2007-08-22,2791,3.2,0.9,20.9,17.2,26.0,MALMO,2007,8
2007-08-23,2792,1.3,0.71,19.4,17.1,22.8,MALMO,2007,8
2007-08-24,2793,2.1,0.0,18.8,16.3,21.7,MALMO,2007,8
2007-08-25,2794,3.8,0.03,17.6,15.6,20.3,MALMO,2007,8
2007-08-26,2795,4.8,0.02,17.2,15.6,19.9,MALMO,2007,8
2007-08-27,2796,4.8,0.18,14.9,12.5,17.6,MALMO,2007,8
2007-08-28,2797,3.0,0.03,13.4,9.6,17.6,MALMO,2007,8
2007-08-29,2798,3.2,0.0,13.4,10.4,17.0,MALMO,2007,8
2007-08-30,2799,1.7,0.0,12.6,10.8,15.3,MALMO,2007,8
2007-08-31,2800,2.7,0.44,12.5,8.2,16.2,MALMO,2007,8
2007-09-01,2801,1.7,0.0,14.1,10.4,17.0,MALMO,2007,9
2007-09-02,2802,3.6,0.59,16.1,14.2,18.4,MALMO,2007,9
2007-09-03,2803,4.2,0.0,13.8,11.7,16.3,MALMO,2007,9
2007-09-04,2804,2.7,0.0,11.6,8.9,15.5,MALMO,2007,9
2007-09-05,2805,1.0,0.09,11.9,3.5,18.5,MALMO,2007,9
2007-09-06,2806,2.6,0.0,14.8,9.6,18.3,MALMO,2007,9
2007-09-07,2807,3.0,0.0,16.5,12.9,20.2,MALMO,2007,9
2007-09-08,2808,4.4,0.0,15.7,14.0,19.4,MALMO,2007,9
2007-09-09,2809,3.5,0.86,14.6,11.9,18.0,MALMO,2007,9
2007-09-10,2810,2.3,1.17,13.4,11.1,16.5,MALMO,2007,9
2007-09-11,2811,1.6,0.0,12.8,7.3,18.5,MALMO,2007,9
2007-09-12,2812,3.6,0.0,14.2,9.6,17.9,MALMO,2007,9
2007-09-13,2813,1.6,0.0,14.3,10.6,19.1,MALMO,2007,9
2007-09-14,2814,3.3,0.22,12.5,7.9,15.5,MALMO,2007,9
2007-09-15,2815,7.0,0.0,11.8,9.7,14.8,MALMO,2007,9
2007-09-16,2816,2.8,0.0,13.9,10.1,18.0,MALMO,2007,9
2007-09-17,2817,2.7,0.07,15.7,13.9,18.5,MALMO,2007,9
2007-09-18,2818,2.8,0.15,12.3,10.9,14.9,MALMO,2007,9
2007-09-19,2819,3.8,0.4,11.2,8.0,13.6,MALMO,2007,9
2007-09-20,2820,3.5,0.7,13.1,11.3,15.0,MALMO,2007,9
2007-09-21,2821,2.7,0.0,14.8,13.0,16.2,MALMO,2007,9
2007-09-22,2822,1.7,0.0,14.5,12.5,18.1,MALMO,2007,9
2007-09-23,2823,1.4,0.0,13.7,8.2,18.3,MALMO,2007,9
2007-09-24,2824,3.0,0.11,16.6,12.5,19.7,MALMO,2007,9
2007-09-25,2825,0.8,0.77,12.3,11.0,18.8,MALMO,2007,9
2007-09-26,2826,0.8,0.09,11.4,9.1,15.1,MALMO,2007,9
2007-09-27,2827,3.0,0.0,9.9,4.4,14.2,MALMO,2007,9
2007-09-28,2828,6.2,0.74,12.3,10.9,13.8,MALMO,2007,9
2007-09-29,2829,3.8,0.72,12.4,11.5,14.6,MALMO,2007,9
2007-09-30,2830,2.6,0.4,13.0,12.0,14.6,MALMO,2007,9
2007-10-01,2831,2.1,0.05,12.8,11.5,15.0,MALMO,2007,10
2007-10-02,2832,0.9,0.0,10.9,6.7,15.2,MALMO,2007,10
2007-10-03,2833,0.5,0.0,9.9,5.9,15.5,MALMO,2007,10
2007-10-04,2834,2.0,0.56,10.0,2.8,14.8,MALMO,2007,10
2007-10-05,2835,1.5,0.0,12.3,10.1,16.4,MALMO,2007,10
2007-10-06,2836,0.7,0.0,10.1,4.2,16.5,MALMO,2007,10
2007-10-07,2837,2.5,0.0,10.7,6.0,14.5,MALMO,2007,10
2007-10-08,2838,3.2,0.0,10.6,9.1,14.0,MALMO,2007,10
2007-10-09,2839,0.7,0.0,8.2,3.6,11.0,MALMO,2007,10
2007-10-10,2840,1.7,0.0,9.5,7.7,10.9,MALMO,2007,10
2007-10-11,2841,3.1,0.18,10.4,8.4,12.3,MALMO,2007,10
2007-10-12,2842,3.5,0.0,9.7,5.9,15.2,MALMO,2007,10
2007-10-13,2843,0.3,0.0,3.8,-0.8,9.2,MALMO,2007,10
2007-10-14,2844,1.2,0.0,6.6,0.0,13.0,MALMO,2007,10
2007-10-15,2845,1.1,0.0,9.9,6.7,14.7,MALMO,2007,10
2007-10-16,2846,2.5,0.36,12.5,7.9,14.1,MALMO,2007,10
2007-10-17,2847,2.1,0.51,11.6,10.5,13.6,MALMO,2007,10
2007-10-18,2848,3.2,0.0,8.7,7.1,12.0,MALMO,2007,10
2007-10-19,2849,2.0,0.0,5.1,2.5,8.9,MALMO,2007,10
2007-10-20,2850,0.6,0.0,4.3,-1.6,8.6,MALMO,2007,10
2007-10-21,2851,1.1,0.0,5.4,3.3,10.5,MALMO,2007,10
2007-10-22,2852,0.2,0.0,4.7,1.9,9.3,MALMO,2007,10
2007-10-23,2853,1.4,0.0,4.6,-2.4,9.7,MALMO,2007,10
2007-10-24,2854,1.9,0.0,4.9,1.9,9.8,MALMO,2007,10
2007-10-25,2855,1.4,0.0,7.0,1.4,11.1,MALMO,2007,10
2007-10-26,2856,1.7,0.0,9.1,6.0,10.8,MALMO,2007,10
2007-10-27,2857,0.4,0.0,9.0,6.7,10.8,MALMO,2007,10
2007-10-28,2858,2.8,0.0,8.5,5.5,10.2,MALMO,2007,10
2007-10-29,2859,2.0,2.23,8.6,7.9,9.3,MALMO,2007,10
2007-10-30,2860,2.1,0.0,9.1,5.7,11.1,MALMO,2007,10
2007-10-31,2861,3.0,0.0,8.9,6.5,10.7,MALMO,2007,10
2007-11-01,2862,3.8,0.0,12.0,10.2,13.0,MALMO,2007,11
2007-11-02,2863,1.0,0.02,8.2,6.1,12.5,MALMO,2007,11
2007-11-03,2864,5.2,0.0,10.2,5.4,12.1,MALMO,2007,11
2007-11-04,2865,1.3,0.0,6.5,5.4,10.1,MALMO,2007,11
2007-11-05,2866,2.7,1.28,5.9,-1.1,10.2,MALMO,2007,11
2007-11-06,2867,5.0,0.29,7.8,6.0,10.0,MALMO,2007,11
2007-11-07,2868,6.0,0.0,8.2,4.6,9.9,MALMO,2007,11
2007-11-08,2869,3.8,0.1,7.8,5.7,9.3,MALMO,2007,11
2007-11-09,2870,6.8,0.77,6.1,4.8,9.4,MALMO,2007,11
2007-11-10,2871,3.1,0.14,2.7,0.0,5.8,MALMO,2007,11
2007-11-11,2872,1.9,0.0,1.6,-1.3,5.8,MALMO,2007,11
2007-11-12,2873,2.3,0.0,1.1,-1.4,3.9,MALMO,2007,11
2007-11-13,2874,2.7,0.0,1.7,0.8,3.4,MALMO,2007,11
2007-11-14,2875,2.2,0.0,0.0,-0.9,2.6,MALMO,2007,11
2007-11-15,2876,1.4,0.0,-0.1,-4.1,2.7,MALMO,2007,11
2007-11-16,2877,2.2,0.0,4.9,2.5,7.1,MALMO,2007,11
2007-11-17,2878,1.4,0.01,7.2,4.8,8.3,MALMO,2007,11
2007-11-18,2879,1.0,0.01,7.0,6.4,8.1,MALMO,2007,11
2007-11-19,2880,4.0,0.0,4.3,3.6,6.5,MALMO,2007,11
2007-11-20,2881,2.8,0.0,4.2,3.7,4.8,MALMO,2007,11
2007-11-21,2882,3.2,0.0,4.1,3.4,4.7,MALMO,2007,11
2007-11-22,2883,1.8,0.0,6.8,4.1,8.4,MALMO,2007,11
2007-11-23,2884,2.0,0.05,6.5,5.3,7.7,MALMO,2007,11
2007-11-24,2885,2.5,0.43,3.0,1.0,5.5,MALMO,2007,11
2007-11-25,2886,6.1,0.23,5.0,3.3,6.8,MALMO,2007,11
2007-11-26,2887,6.0,0.0,3.4,0.6,5.5,MALMO,2007,11
2007-11-27,2888,3.5,0.0,2.2,0.5,3.8,MALMO,2007,11
2007-11-28,2889,2.0,0.15,2.2,-3.1,4.8,MALMO,2007,11
2007-11-29,2890,3.8,0.15,5.1,4.4,5.5,MALMO,2007,11
2007-11-30,2891,3.2,0.05,5.2,3.7,7.2,MALMO,2007,11
2007-12-01,2892,4.9,0.88,6.9,3.4,8.7,MALMO,2007,12
2007-12-02,2893,4.2,1.13,6.3,5.6,7.6,MALMO,2007,12
2007-12-03,2894,5.1,0.16,5.9,4.8,7.6,MALMO,2007,12
2007-12-04,2895,3.3,0.09,5.1,4.1,6.1,MALMO,2007,12
2007-12-05,2896,4.4,0.15,7.0,2.5,9.1,MALMO,2007,12
2007-12-06,2897,4.1,0.83,7.9,7.3,9.0,MALMO,2007,12
2007-12-07,2898,5.0,0.81,8.0,6.9,9.9,MALMO,2007,12
2007-12-08,2899,5.0,0.0,5.7,4.8,7.3,MALMO,2007,12
2007-12-09,2900,2.7,0.38,5.0,2.8,6.0,MALMO,2007,12
2007-12-10,2901,2.0,0.0,4.8,3.1,6.2,MALMO,2007,12
2007-12-11,2902,1.4,0.0,4.8,4.3,5.3,MALMO,2007,12
2007-12-12,2903,1.4,0.0,1.8,0.1,4.7,MALMO,2007,12
2007-12-13,2904,0.8,0.0,1.0,-2.4,2.4,MALMO,2007,12
2007-12-14,2905,1.1,0.0,3.5,1.2,4.5,MALMO,2007,12
2007-12-15,2906,0.2,0.0,-0.1,-2.6,4.1,MALMO,2007,12
2007-12-16,2907,0.8,0.0,-0.5,-4.6,2.6,MALMO,2007,12
2007-12-17,2908,0.4,0.0,1.8,0.4,3.4,MALMO,2007,12
2007-12-18,2909,0.8,0.0,1.0,-0.4,3.4,MALMO,2007,12
2007-12-19,2910,2.7,0.0,1.0,-0.6,1.7,MALMO,2007,12
2007-12-20,2911,2.5,0.0,2.3,1.3,2.9,MALMO,2007,12
2007-12-21,2912,1.0,0.0,0.3,-0.9,2.2,MALMO,2007,12
2007-12-22,2913,1.0,0.0,-0.8,-1.6,0.7,MALMO,2007,12
2007-12-23,2914,1.1,0.0,0.9,-1.3,2.7,MALMO,2007,12
2007-12-24,2915,2.4,0.0,2.5,1.7,3.1,MALMO,2007,12
2007-12-25,2916,3.9,0.0,2.9,2.4,3.4,MALMO,2007,12
2007-12-26,2917,2.9,0.0,3.8,2.4,4.9,MALMO,2007,12
2007-12-27,2918,3.9,0.18,3.7,2.7,4.6,MALMO,2007,12
2007-12-28,2919,4.4,0.0,5.9,4.3,6.6,MALMO,2007,12
2007-12-29,2920,4.5,0.0,4.9,3.9,6.5,MALMO,2007,12
2007-12-30,2921,3.3,0.0,4.7,3.4,6.3,MALMO,2007,12
2007-12-31,2922,2.4,0.0,2.0,-0.6,4.1,MALMO,2007,12
2008-01-01,2923,1.8,0.15,0.2,-1.1,2.0,MALMO,2008,1
2008-01-02,2924,3.8,0.1,0.7,-0.2,1.4,MALMO,2008,1
2008-01-03,2925,8.2,0.0,-2.2,-3.9,0.8,MALMO,2008,1
2008-01-04,2926,8.1,0.0,-2.2,-2.8,-1.2,MALMO,2008,1
2008-01-05,2927,6.2,0.66,-1.1,-2.0,-0.1,MALMO,2008,1
2008-01-06,2928,1.2,0.01,2.1,-0.9,3.0,MALMO,2008,1
2008-01-07,2929,3.0,0.61,2.4,0.4,3.7,MALMO,2008,1
2008-01-08,2930,4.2,0.03,4.7,3.0,6.0,MALMO,2008,1
2008-01-09,2931,3.3,0.07,4.1,3.2,4.7,MALMO,2008,1
2008-01-10,2932,4.5,0.2,4.4,3.1,5.2,MALMO,2008,1
2008-01-11,2933,3.0,0.27,6.1,4.9,6.6,MALMO,2008,1
2008-01-12,2934,4.0,0.01,5.8,5.0,7.0,MALMO,2008,1
2008-01-13,2935,3.7,0.0,4.2,3.3,6.0,MALMO,2008,1
2008-01-14,2936,3.1,0.0,2.6,1.2,4.6,MALMO,2008,1
2008-01-15,2937,4.6,0.5,5.1,3.2,6.1,MALMO,2008,1
2008-01-16,2938,5.0,0.0,6.5,5.2,7.1,MALMO,2008,1
2008-01-17,2939,2.7,0.24,4.7,3.5,7.3,MALMO,2008,1
2008-01-18,2940,4.1,0.64,5.4,4.4,6.2,MALMO,2008,1
2008-01-19,2941,5.6,0.0,7.4,5.3,9.3,MALMO,2008,1
2008-01-20,2942,2.9,0.05,4.3,3.5,5.5,MALMO,2008,1
2008-01-21,2943,3.7,0.0,4.5,3.6,6.3,MALMO,2008,1
2008-01-22,2944,3.6,0.0,1.2,-0.6,3.9,MALMO,2008,1
2008-01-23,2945,2.3,0.74,1.6,-1.3,3.7,MALMO,2008,1
2008-01-24,2946,4.6,0.03,6.7,3.3,7.9,MALMO,2008,1
2008-01-25,2947,6.5,0.04,5.8,3.4,7.8,MALMO,2008,1
2008-01-26,2948,8.4,0.73,6.3,4.6,8.4,MALMO,2008,1
2008-01-27,2949,4.1,0.01,4.3,3.2,6.3,MALMO,2008,1
2008-01-28,2950,1.5,0.11,3.8,-2.5,6.9,MALMO,2008,1
2008-01-29,2951,3.7,0.0,4.8,3.9,6.1,MALMO,2008,1
2008-01-30,2952,3.9,0.21,4.3,3.6,5.5,MALMO,2008,1
2008-01-31,2953,5.6,0.42,2.7,1.4,4.3,MALMO,2008,1
2008-02-01,2954,6.2,0.01,4.0,0.5,5.6,MALMO,2008,2
2008-02-02,2955,6.2,0.0,2.5,-0.3,4.7,MALMO,2008,2
2008-02-03,2956,3.8,0.0,2.7,0.5,4.6,MALMO,2008,2
2008-02-04,2957,3.6,0.0,2.6,1.2,4.7,MALMO,2008,2
2008-02-05,2958,3.3,0.39,4.2,2.2,5.1,MALMO,2008,2
2008-02-06,2959,5.1,0.0,6.1,4.1,7.6,MALMO,2008,2
2008-02-07,2960,4.8,0.0,4.8,3.5,6.6,MALMO,2008,2
2008-02-08,2961,1.6,0.0,5.3,3.7,6.2,MALMO,2008,2
2008-02-09,2962,2.1,0.0,5.9,2.8,11.0,MALMO,2008,2
2008-02-10,2963,1.8,0.0,6.0,4.2,10.1,MALMO,2008,2
2008-02-11,2964,0.9,0.0,4.5,2.6,6.1,MALMO,2008,2
2008-02-12,2965,0.7,0.0,0.8,-2.9,4.9,MALMO,2008,2
2008-02-13,2966,2.8,0.0,3.1,-1.9,4.5,MALMO,2008,2
2008-02-14,2967,2.2,0.0,1.0,-1.4,4.1,MALMO,2008,2
2008-02-15,2968,2.2,0.0,-1.3,-3.2,1.4,MALMO,2008,2
2008-02-16,2969,2.2,0.0,-2.2,-7.6,1.6,MALMO,2008,2
2008-02-17,2970,6.1,0.0,3.4,1.3,5.7,MALMO,2008,2
2008-02-18,2971,4.0,0.0,7.2,4.6,9.7,MALMO,2008,2
2008-02-19,2972,1.4,0.0,5.6,4.7,6.9,MALMO,2008,2
2008-02-20,2973,1.7,0.0,5.2,4.0,7.3,MALMO,2008,2
2008-02-21,2974,3.9,0.27,3.4,-0.1,5.2,MALMO,2008,2
2008-02-22,2975,7.9,0.01,7.9,5.1,9.2,MALMO,2008,2
2008-02-23,2976,7.0,0.01,6.2,4.6,9.2,MALMO,2008,2
2008-02-24,2977,5.5,0.02,7.3,5.5,8.0,MALMO,2008,2
2008-02-25,2978,4.6,0.0,6.4,5.0,8.6,MALMO,2008,2
2008-02-26,2979,4.3,0.3,6.3,4.5,8.0,MALMO,2008,2
2008-02-27,2980,8.0,0.02,6.6,5.6,8.5,MALMO,2008,2
2008-02-28,2981,4.9,0.0,5.5,4.0,8.9,MALMO,2008,2
2008-02-29,2982,4.0,0.71,5.4,4.2,7.2,MALMO,2008,2
2008-03-01,2983,7.2,0.3,6.1,4.0,7.8,MALMO,2008,3
2008-03-02,2984,7.5,0.0,5.5,3.4,7.5,MALMO,2008,3
2008-03-03,2985,3.8,0.29,4.0,2.8,6.6,MALMO,2008,3
2008-03-04,2986,2.2,0.11,0.8,-1.6,5.8,MALMO,2008,3
2008-03-05,2987,4.7,0.3,1.5,-2.3,4.9,MALMO,2008,3
2008-03-06,2988,6.5,0.03,6.6,2.7,9.8,MALMO,2008,3
2008-03-07,2989,2.2,0.0,5.9,3.2,7.9,MALMO,2008,3
2008-03-08,2990,2.7,0.0,5.3,2.6,9.3,MALMO,2008,3
2008-03-09,2991,3.2,0.15,5.9,4.6,7.0,MALMO,2008,3
2008-03-10,2992,4.1,0.0,7.3,5.8,10.0,MALMO,2008,3
2008-03-11,2993,4.5,0.3,7.4,5.6,10.8,MALMO,2008,3
2008-03-12,2994,4.6,0.3,5.6,4.2,8.1,MALMO,2008,3
2008-03-13,2995,6.1,1.0,5.4,4.3,6.9,MALMO,2008,3
2008-03-14,2996,3.1,0.4,4.4,3.5,6.0,MALMO,2008,3
2008-03-15,2997,2.4,0.01,4.8,3.3,7.8,MALMO,2008,3
2008-03-16,2998,0.8,0.0,3.7,-0.8,10.5,MALMO,2008,3
2008-03-17,2999,6.8,1.4,1.4,0.1,5.0,MALMO,2008,3
2008-03-18,3000,4.2,0.04,1.4,-0.3,3.3,MALMO,2008,3
2008-03-19,3001,2.8,0.1,1.7,-0.8,4.3,MALMO,2008,3
2008-03-20,3002,2.7,1.0,0.4,-4.1,4.5,MALMO,2008,3
2008-03-21,3003,4.7,0.5,2.3,1.1,3.4,MALMO,2008,3
2008-03-22,3004,4.3,0.0,-0.6,-1.7,2.5,MALMO,2008,3
2008-03-23,3005,2.1,0.0,-2.2,-7.3,1.8,MALMO,2008,3
2008-03-24,3006,3.6,0.14,1.0,-0.6,3.2,MALMO,2008,3
2008-03-25,3007,1.2,0.2,0.2,-3.5,4.0,MALMO,2008,3
2008-03-26,3008,1.7,0.0,0.8,-2.0,4.3,MALMO,2008,3
2008-03-27,3009,0.9,0.0,0.9,-5.0,5.4,MALMO,2008,3
2008-03-28,3010,4.7,0.0,4.1,-2.6,8.0,MALMO,2008,3
2008-03-29,3011,3.5,0.25,7.0,5.4,8.9,MALMO,2008,3
2008-03-30,3012,6.0,0.0,7.6,3.1,10.6,MALMO,2008,3
2008-03-31,3013,2.5,0.0,8.8,5.8,13.0,MALMO,2008,3
2008-04-01,3014,1.5,0.23,5.8,3.3,9.6,MALMO,2008,4
2008-04-02,3015,0.8,0.0,7.1,4.3,11.8,MALMO,2008,4
2008-04-03,3016,2.0,0.0,6.8,3.1,10.4,MALMO,2008,4
2008-04-04,3017,2.6,0.24,6.2,4.1,10.0,MALMO,2008,4
2008-04-05,3018,1.0,0.97,5.9,5.2,7.2,MALMO,2008,4
2008-04-06,3019,1.9,0.0,5.5,3.2,9.6,MALMO,2008,4
2008-04-07,3020,1.2,0.09,5.2,-0.2,9.6,MALMO,2008,4
2008-04-08,3021,3.6,0.54,4.7,3.7,6.7,MALMO,2008,4
2008-04-09,3022,1.9,0.0,4.9,1.8,8.6,MALMO,2008,4
2008-04-10,3023,0.8,0.0,4.0,-1.2,10.0,MALMO,2008,4
2008-04-11,3024,5.0,0.59,4.8,-1.4,10.1,MALMO,2008,4
2008-04-12,3025,1.4,0.0,6.9,2.9,10.8,MALMO,2008,4
2008-04-13,3026,2.2,0.0,8.2,2.8,13.0,MALMO,2008,4
2008-04-14,3027,1.2,0.0,7.8,4.4,11.5,MALMO,2008,4
2008-04-15,3028,1.1,0.0,6.5,-0.1,11.6,MALMO,2008,4
2008-04-16,3029,2.1,0.42,6.7,3.0,10.8,MALMO,2008,4
2008-04-17,3030,2.7,0.0,8.3,6.0,13.4,MALMO,2008,4
2008-04-18,3031,1.3,0.0,5.9,1.9,10.8,MALMO,2008,4
2008-04-19,3032,2.0,0.0,6.5,-1.6,13.2,MALMO,2008,4
2008-04-20,3033,1.3,0.0,6.8,-1.1,13.7,MALMO,2008,4
2008-04-21,3034,2.8,0.0,7.5,-1.1,13.7,MALMO,2008,4
2008-04-22,3035,4.9,0.0,8.3,2.7,13.6,MALMO,2008,4
2008-04-23,3036,1.8,0.0,7.9,-0.9,14.7,MALMO,2008,4
2008-04-24,3037,2.0,0.0,7.4,-2.3,14.1,MALMO,2008,4
2008-04-25,3038,1.3,0.0,10.2,3.5,16.0,MALMO,2008,4
2008-04-26,3039,1.9,0.0,10.2,9.3,14.0,MALMO,2008,4
2008-04-27,3040,2.4,0.0,12.9,7.7,18.2,MALMO,2008,4
2008-04-28,3041,5.8,0.0,14.6,9.1,19.3,MALMO,2008,4
2008-04-29,3042,6.8,0.0,15.5,11.4,20.3,MALMO,2008,4
2008-04-30,3043,4.4,0.27,12.4,9.1,18.0,MALMO,2008,4
2008-05-01,3044,1.2,0.63,10.7,8.6,13.2,MALMO,2008,5
2008-05-02,3045,1.7,0.0,10.9,5.2,16.1,MALMO,2008,5
2008-05-03,3046,2.2,0.0,11.4,6.4,15.9,MALMO,2008,5
2008-05-04,3047,1.7,0.0,11.3,4.1,17.9,MALMO,2008,5
2008-05-05,3048,2.2,0.0,12.3,4.6,18.1,MALMO,2008,5
2008-05-06,3049,1.0,0.0,13.9,6.3,21.0,MALMO,2008,5
2008-05-07,3050,1.3,0.0,14.1,6.0,20.4,MALMO,2008,5
2008-05-08,3051,1.2,0.0,15.7,7.0,22.6,MALMO,2008,5
2008-05-09,3052,1.0,0.0,16.0,6.9,22.2,MALMO,2008,5
2008-05-10,3053,1.2,0.0,17.2,7.0,24.1,MALMO,2008,5
2008-05-11,3054,1.4,0.0,17.7,7.2,25.0,MALMO,2008,5
2008-05-12,3055,3.6,0.0,14.7,9.1,22.4,MALMO,2008,5
2008-05-13,3056,2.8,0.0,10.3,6.6,14.9,MALMO,2008,5
2008-05-14,3057,0.8,0.0,10.3,1.6,16.3,MALMO,2008,5
2008-05-15,3058,1.0,0.0,12.1,2.0,18.5,MALMO,2008,5
2008-05-16,3059,1.6,0.0,14.7,9.2,19.9,MALMO,2008,5
2008-05-17,3060,2.2,0.0,11.8,7.3,16.0,MALMO,2008,5
2008-05-18,3061,3.1,0.0,9.6,5.7,13.3,MALMO,2008,5
2008-05-19,3062,0.8,0.46,7.9,1.6,12.6,MALMO,2008,5
2008-05-20,3063,1.2,0.0,9.9,1.5,15.3,MALMO,2008,5
2008-05-21,3064,0.6,0.0,11.1,3.3,16.6,MALMO,2008,5
2008-05-22,3065,1.1,0.0,11.9,2.1,18.7,MALMO,2008,5
2008-05-23,3066,1.3,0.0,13.2,3.6,20.7,MALMO,2008,5
2008-05-24,3067,2.4,0.0,13.0,4.7,19.8,MALMO,2008,5
2008-05-25,3068,2.8,0.0,11.6,3.3,18.4,MALMO,2008,5
2008-05-26,3069,2.9,2.59,9.1,8.0,13.6,MALMO,2008,5
2008-05-27,3070,1.0,0.0,12.1,2.9,19.3,MALMO,2008,5
2008-05-28,3071,4.5,0.0,13.1,4.0,19.1,MALMO,2008,5
2008-05-29,3072,3.5,0.0,14.6,8.6,20.9,MALMO,2008,5
2008-05-30,3073,3.6,0.0,16.9,9.3,23.1,MALMO,2008,5
2008-05-31,3074,3.0,0.0,18.1,11.1,24.5,MALMO,2008,5
2008-06-01,3075,2.6,0.0,17.3,7.8,24.6,MALMO,2008,6
2008-06-02,3076,1.7,0.0,19.7,9.2,27.3,MALMO,2008,6
2008-06-03,3077,4.3,0.0,17.4,11.4,23.1,MALMO,2008,6
2008-06-04,3078,4.0,0.0,16.3,9.1,22.6,MALMO,2008,6
2008-06-05,3079,2.3,0.0,16.4,7.0,23.8,MALMO,2008,6
2008-06-06,3080,1.6,0.0,17.0,6.0,25.6,MALMO,2008,6
2008-06-07,3081,2.0,0.0,19.2,7.3,27.5,MALMO,2008,6
2008-06-08,3082,1.4,0.0,19.2,8.2,26.7,MALMO,2008,6
2008-06-09,3083,4.3,0.0,18.6,13.8,22.9,MALMO,2008,6
2008-06-10,3084,5.3,0.0,16.8,12.4,22.3,MALMO,2008,6
2008-06-11,3085,5.3,0.13,13.5,11.5,17.5,MALMO,2008,6
2008-06-12,3086,2.8,0.06,13.7,11.1,18.4,MALMO,2008,6
2008-06-13,3087,2.3,0.0,13.6,8.4,18.0,MALMO,2008,6
2008-06-14,3088,2.8,0.0,13.7,9.0,17.7,MALMO,2008,6
2008-06-15,3089,2.0,0.25,13.8,10.5,17.6,MALMO,2008,6
2008-06-16,3090,2.2,0.67,12.9,8.4,16.8,MALMO,2008,6
2008-06-17,3091,2.3,0.0,14.5,7.7,19.4,MALMO,2008,6
2008-06-18,3092,1.6,0.0,15.9,7.5,21.6,MALMO,2008,6
2008-06-19,3093,2.8,0.09,17.4,14.3,23.9,MALMO,2008,6
2008-06-20,3094,3.8,0.06,16.7,12.7,20.8,MALMO,2008,6
2008-06-21,3095,3.9,0.0,15.2,11.0,20.9,MALMO,2008,6
2008-06-22,3096,2.2,1.1,14.8,9.2,20.2,MALMO,2008,6
2008-06-23,3097,5.6,0.0,16.0,14.6,19.1,MALMO,2008,6
2008-06-24,3098,5.1,0.0,14.6,10.9,18.7,MALMO,2008,6
2008-06-25,3099,1.0,0.0,14.4,7.4,19.3,MALMO,2008,6
2008-06-26,3100,2.4,0.02,16.4,9.6,22.5,MALMO,2008,6
2008-06-27,3101,1.5,0.16,15.4,12.2,19.4,MALMO,2008,6
2008-06-28,3102,2.0,0.05,14.7,13.0,17.5,MALMO,2008,6
2008-06-29,3103,2.9,0.02,17.1,14.1,21.6,MALMO,2008,6
2008-06-30,3104,3.8,0.0,17.3,14.2,21.6,MALMO,2008,6
2008-07-01,3105,1.8,0.0,17.0,12.2,21.6,MALMO,2008,7
2008-07-02,3106,2.1,0.0,17.5,7.7,23.3,MALMO,2008,7
2008-07-03,3107,4.2,0.0,20.2,11.8,27.5,MALMO,2008,7
2008-07-04,3108,2.0,0.0,17.8,9.5,24.8,MALMO,2008,7
2008-07-05,3109,1.2,0.0,19.4,9.8,26.2,MALMO,2008,7
2008-07-06,3110,1.7,1.0,20.1,16.5,24.2,MALMO,2008,7
2008-07-07,3111,2.2,0.0,18.7,14.5,22.2,MALMO,2008,7
2008-07-08,3112,2.2,0.47,16.0,12.9,20.2,MALMO,2008,7
2008-07-09,3113,2.5,0.0,17.3,13.8,21.0,MALMO,2008,7
2008-07-10,3114,2.7,1.03,16.9,12.8,21.9,MALMO,2008,7
2008-07-11,3115,2.0,0.06,18.9,16.4,22.2,MALMO,2008,7
2008-07-12,3116,2.2,0.0,18.1,13.6,22.6,MALMO,2008,7
2008-07-13,3117,2.5,0.0,16.8,10.7,20.9,MALMO,2008,7
2008-07-14,3118,3.7,0.0,16.9,13.1,21.3,MALMO,2008,7
2008-07-15,3119,3.7,0.0,18.9,15.7,23.5,MALMO,2008,7
2008-07-16,3120,4.2,0.0,17.9,15.9,21.2,MALMO,2008,7
2008-07-17,3121,3.4,0.06,16.4,13.8,20.3,MALMO,2008,7
2008-07-18,3122,2.2,0.05,16.1,13.3,19.6,MALMO,2008,7
2008-07-19,3123,2.1,0.3,17.1,14.8,20.6,MALMO,2008,7
2008-07-20,3124,4.0,0.0,17.2,15.3,19.9,MALMO,2008,7
2008-07-21,3125,3.0,0.0,14.2,8.6,17.8,MALMO,2008,7
2008-07-22,3126,2.5,0.0,17.0,9.2,22.8,MALMO,2008,7
2008-07-23,3127,1.1,0.0,17.4,12.3,22.3,MALMO,2008,7
2008-07-24,3128,2.0,0.0,19.1,9.1,26.5,MALMO,2008,7
2008-07-25,3129,3.3,0.0,19.9,11.2,26.7,MALMO,2008,7
2008-07-26,3130,3.0,0.0,21.0,11.7,28.3,MALMO,2008,7
2008-07-27,3131,1.8,0.0,22.0,11.5,29.9,MALMO,2008,7
2008-07-28,3132,1.7,0.0,22.2,12.0,30.1,MALMO,2008,7
2008-07-29,3133,2.9,0.0,21.2,12.2,28.3,MALMO,2008,7
2008-07-30,3134,2.0,0.0,20.3,12.0,26.2,MALMO,2008,7
2008-07-31,3135,1.2,0.0,21.2,11.3,27.8,MALMO,2008,7
2008-08-01,3136,3.7,0.02,21.7,12.7,29.2,MALMO,2008,8
2008-08-02,3137,3.2,0.02,20.6,17.6,24.0,MALMO,2008,8
2008-08-03,3138,3.0,1.28,20.2,16.0,24.9,MALMO,2008,8
2008-08-04,3139,6.3,2.39,16.5,14.7,20.7,MALMO,2008,8
2008-08-05,3140,8.6,0.11,16.4,14.1,19.5,MALMO,2008,8
2008-08-06,3141,1.5,0.0,16.2,10.1,21.9,MALMO,2008,8
2008-08-07,3142,2.7,0.01,21.4,15.6,27.6,MALMO,2008,8
2008-08-08,3143,3.5,0.46,19.2,16.5,23.4,MALMO,2008,8
2008-08-09,3144,5.0,0.57,18.2,14.7,22.2,MALMO,2008,8
2008-08-10,3145,2.5,0.26,16.2,14.2,18.2,MALMO,2008,8
2008-08-11,3146,3.0,0.09,18.5,14.5,21.8,MALMO,2008,8
2008-08-12,3147,2.6,0.4,16.1,13.3,19.4,MALMO,2008,8
2008-08-13,3148,2.8,0.8,18.1,16.0,21.6,MALMO,2008,8
2008-08-14,3149,5.0,0.14,16.5,12.9,20.0,MALMO,2008,8
2008-08-15,3150,2.2,0.0,16.3,11.8,20.4,MALMO,2008,8
2008-08-16,3151,2.2,0.0,17.3,10.9,22.8,MALMO,2008,8
2008-08-17,3152,2.0,0.14,16.0,13.4,19.6,MALMO,2008,8
2008-08-18,3153,1.4,0.06,15.3,9.9,19.8,MALMO,2008,8
2008-08-19,3154,2.0,0.02,18.2,14.2,22.2,MALMO,2008,8
2008-08-20,3155,3.0,0.34,17.6,15.4,20.2,MALMO,2008,8
2008-08-21,3156,4.7,0.2,17.9,15.7,21.1,MALMO,2008,8
2008-08-22,3157,2.7,0.7,18.2,15.8,20.9,MALMO,2008,8
2008-08-23,3158,3.2,3.35,14.6,13.9,18.3,MALMO,2008,8
2008-08-24,3159,1.4,0.01,15.9,13.4,19.4,MALMO,2008,8
2008-08-25,3160,1.2,0.01,16.6,12.1,21.1,MALMO,2008,8
2008-08-26,3161,1.7,0.3,17.3,14.8,20.2,MALMO,2008,8
2008-08-27,3162,3.2,0.49,17.0,16.5,18.2,MALMO,2008,8
2008-08-28,3163,4.5,0.27,16.1,14.6,19.2,MALMO,2008,8
2008-08-29,3164,4.0,0.0,16.5,13.9,19.8,MALMO,2008,8
2008-08-30,3165,0.5,0.0,14.4,6.9,21.0,MALMO,2008,8
2008-08-31,3166,2.5,0.0,15.2,8.6,21.6,MALMO,2008,8
2008-09-01,3167,4.6,0.03,16.9,13.5,20.0,MALMO,2008,9
2008-09-02,3168,2.5,0.02,17.4,14.1,19.7,MALMO,2008,9
2008-09-03,3169,3.5,0.03,16.2,15.4,18.8,MALMO,2008,9
2008-09-04,3170,2.2,0.0,15.7,12.1,18.7,MALMO,2008,9
2008-09-05,3171,2.0,0.7,16.0,11.7,19.5,MALMO,2008,9
2008-09-06,3172,2.5,0.05,18.2,14.7,21.6,MALMO,2008,9
2008-09-07,3173,1.3,0.1,17.6,15.7,20.5,MALMO,2008,9
2008-09-08,3174,1.5,0.0,16.5,12.2,20.0,MALMO,2008,9
2008-09-09,3175,2.0,0.0,17.1,14.5,20.2,MALMO,2008,9
2008-09-10,3176,2.0,0.09,15.4,11.2,18.5,MALMO,2008,9
2008-09-11,3177,2.0,0.0,15.0,12.1,19.4,MALMO,2008,9
2008-09-12,3178,3.8,0.0,12.0,9.7,14.6,MALMO,2008,9
2008-09-13,3179,2.5,0.0,10.7,7.1,16.4,MALMO,2008,9
2008-09-14,3180,3.0,0.0,11.1,5.1,16.7,MALMO,2008,9
2008-09-15,3181,2.7,0.0,11.4,7.2,16.2,MALMO,2008,9
2008-09-16,3182,2.7,0.0,10.5,7.3,14.7,MALMO,2008,9
2008-09-17,3183,1.1,0.0,9.4,5.1,15.8,MALMO,2008,9
2008-09-18,3184,0.6,0.0,9.8,7.4,13.3,MALMO,2008,9
2008-09-19,3185,1.0,0.03,10.0,6.7,15.5,MALMO,2008,9
2008-09-20,3186,0.6,0.0,11.5,5.8,16.8,MALMO,2008,9
2008-09-21,3187,1.7,0.0,11.1,6.6,16.8,MALMO,2008,9
2008-09-22,3188,2.2,0.05,11.4,9.3,13.5,MALMO,2008,9
2008-09-23,3189,2.7,0.0,13.8,11.2,18.6,MALMO,2008,9
2008-09-24,3190,3.3,0.0,11.4,7.6,17.1,MALMO,2008,9
2008-09-25,3191,1.0,0.0,8.8,3.0,16.4,MALMO,2008,9
2008-09-26,3192,1.3,0.0,10.3,2.9,17.6,MALMO,2008,9
2008-09-27,3193,2.5,0.0,13.5,8.7,17.8,MALMO,2008,9
2008-09-28,3194,4.7,0.0,13.5,12.0,16.1,MALMO,2008,9
2008-09-29,3195,3.4,0.0,12.2,9.6,15.0,MALMO,2008,9
2008-09-30,3196,3.5,1.14,11.5,9.7,14.7,MALMO,2008,9
2008-10-01,3197,3.2,0.62,10.3,8.6,12.6,MALMO,2008,10
2008-10-02,3198,4.3,0.05,11.2,8.8,13.9,MALMO,2008,10
2008-10-03,3199,2.0,0.49,9.9,8.9,12.1,MALMO,2008,10
2008-10-04,3200,3.5,0.19,10.0,8.1,13.0,MALMO,2008,10
2008-10-05,3201,4.0,0.75,9.3,8.0,11.2,MALMO,2008,10
2008-10-06,3202,1.3,0.0,8.3,4.3,14.9,MALMO,2008,10
2008-10-07,3203,1.9,0.0,7.5,1.8,13.4,MALMO,2008,10
2008-10-08,3204,3.2,0.0,11.2,8.1,14.5,MALMO,2008,10
2008-10-09,3205,2.9,0.0,12.7,10.9,15.2,MALMO,2008,10
2008-10-10,3206,2.4,0.0,12.6,9.8,15.3,MALMO,2008,10
2008-10-11,3207,3.2,0.0,13.1,11.4,14.9,MALMO,2008,10
2008-10-12,3208,2.4,0.0,13.2,11.6,16.1,MALMO,2008,10
2008-10-13,3209,2.4,0.11,13.4,10.6,15.6,MALMO,2008,10
2008-10-14,3210,3.0,0.0,12.5,10.7,15.2,MALMO,2008,10
2008-10-15,3211,1.8,0.67,10.6,5.2,13.0,MALMO,2008,10
2008-10-16,3212,3.9,0.36,10.6,8.7,13.1,MALMO,2008,10
2008-10-17,3213,3.5,0.0,9.6,7.3,13.3,MALMO,2008,10
2008-10-18,3214,3.5,0.82,9.4,5.9,11.2,MALMO,2008,10
2008-10-19,3215,5.6,0.02,11.0,8.3,13.2,MALMO,2008,10
2008-10-20,3216,3.2,0.0,11.9,10.8,13.0,MALMO,2008,10
2008-10-21,3217,3.6,0.29,12.0,10.5,14.0,MALMO,2008,10
2008-10-22,3218,2.7,0.0,9.4,7.9,11.3,MALMO,2008,10
2008-10-23,3219,2.5,0.0,9.1,6.0,12.4,MALMO,2008,10
2008-10-24,3220,2.9,0.61,9.9,9.4,10.6,MALMO,2008,10
2008-10-25,3221,2.3,0.09,8.4,4.8,12.4,MALMO,2008,10
2008-10-26,3222,3.7,1.37,10.6,9.5,11.1,MALMO,2008,10
2008-10-27,3223,2.5,0.31,8.5,6.9,11.3,MALMO,2008,10
2008-10-28,3224,2.7,0.28,7.0,3.8,10.5,MALMO,2008,10
2008-10-29,3225,0.8,0.0,4.3,2.5,8.8,MALMO,2008,10
2008-10-30,3226,2.7,0.66,2.8,-1.1,4.7,MALMO,2008,10
2008-10-31,3227,2.9,0.0,5.5,3.3,8.8,MALMO,2008,10
2008-11-01,3228,1.1,0.0,1.9,-2.0,5.1,MALMO,2008,11
2008-11-02,3229,1.4,0.0,6.5,3.3,8.9,MALMO,2008,11
2008-11-03,3230,1.9,0.0,8.2,5.7,13.2,MALMO,2008,11
2008-11-04,3231,1.5,0.09,8.2,5.3,9.0,MALMO,2008,11
2008-11-05,3232,4.4,0.0,6.9,6.2,8.7,MALMO,2008,11
2008-11-06,3233,6.8,0.0,9.2,6.2,10.7,MALMO,2008,11
2008-11-07,3234,3.6,0.13,8.3,7.1,9.5,MALMO,2008,11
2008-11-08,3235,1.3,0.0,9.4,7.5,12.2,MALMO,2008,11
2008-11-09,3236,3.5,0.14,8.6,7.4,10.3,MALMO,2008,11
2008-11-10,3237,4.9,0.85,9.4,7.3,11.2,MALMO,2008,11
2008-11-11,3238,3.6,0.36,10.1,8.7,13.1,MALMO,2008,11
2008-11-12,3239,3.8,0.0,9.0,7.8,10.1,MALMO,2008,11
2008-11-13,3240,3.3,0.03,7.9,6.5,9.7,MALMO,2008,11
2008-11-14,3241,4.4,0.4,9.4,7.2,11.2,MALMO,2008,11
2008-11-15,3242,5.3,0.13,10.6,10.1,11.6,MALMO,2008,11
2008-11-16,3243,5.8,0.1,6.8,4.5,10.1,MALMO,2008,11
2008-11-17,3244,2.0,0.0,2.8,-1.2,8.0,MALMO,2008,11
2008-11-18,3245,4.9,0.68,5.7,1.5,7.4,MALMO,2008,11
2008-11-19,3246,5.0,0.21,6.8,3.6,9.4,MALMO,2008,11
2008-11-20,3247,6.7,0.36,7.0,4.8,10.0,MALMO,2008,11
2008-11-21,3248,4.0,0.66,0.3,-1.6,5.9,MALMO,2008,11
2008-11-22,3249,3.2,0.0,-0.4,-2.3,1.6,MALMO,2008,11
2008-11-23,3250,1.3,0.0,-2.5,-5.2,1.1,MALMO,2008,11
2008-11-24,3251,2.7,0.02,-0.6,-8.2,3.1,MALMO,2008,11
2008-11-25,3252,2.5,0.0,0.9,-1.6,2.2,MALMO,2008,11
2008-11-26,3253,5.2,0.04,5.8,-3.6,8.9,MALMO,2008,11
2008-11-27,3254,3.9,0.03,7.6,6.9,9.0,MALMO,2008,11
2008-11-28,3255,2.7,0.0,5.9,4.6,7.3,MALMO,2008,11
2008-11-29,3256,2.7,0.38,3.1,1.6,4.6,MALMO,2008,11
2008-11-30,3257,1.7,0.16,3.6,2.4,4.7,MALMO,2008,11
2008-12-01,3258,2.5,0.49,4.2,2.1,4.9,MALMO,2008,12
2008-12-02,3259,4.7,1.72,4.1,3.6,4.9,MALMO,2008,12
2008-12-03,3260,1.6,1.45,1.5,0.1,4.8,MALMO,2008,12
2008-12-04,3261,3.2,0.73,2.0,0.1,2.8,MALMO,2008,12
2008-12-05,3262,1.5,0.04,4.7,2.7,5.8,MALMO,2008,12
2008-12-06,3263,0.7,0.04,4.7,3.5,5.7,MALMO,2008,12
2008-12-07,3264,1.4,0.04,1.8,0.1,4.8,MALMO,2008,12
2008-12-08,3265,2.8,0.04,4.7,-1.7,6.1,MALMO,2008,12
2008-12-09,3266,1.5,0.91,4.8,3.6,6.4,MALMO,2008,12
2008-12-10,3267,0.6,0.09,2.5,1.1,4.5,MALMO,2008,12
2008-12-11,3268,1.7,0.51,-0.7,-2.7,1.9,MALMO,2008,12
2008-12-12,3269,1.1,0.0,1.4,0.1,2.9,MALMO,2008,12
2008-12-13,3270,4.3,0.0,1.5,-1.4,4.2,MALMO,2008,12
2008-12-14,3271,5.5,0.0,3.8,3.0,4.9,MALMO,2008,12
2008-12-15,3272,2.8,0.0,2.5,2.2,3.3,MALMO,2008,12
2008-12-16,3273,0.9,0.01,3.5,2.6,4.1,MALMO,2008,12
2008-12-17,3274,1.2,0.0,4.3,3.4,5.3,MALMO,2008,12
2008-12-18,3275,2.5,0.05,3.7,2.9,4.4,MALMO,2008,12
2008-12-19,3276,3.2,0.58,4.9,4.0,6.4,MALMO,2008,12
2008-12-20,3277,6.8,0.04,6.0,2.7,7.8,MALMO,2008,12
2008-12-21,3278,5.7,0.4,5.3,4.0,7.6,MALMO,2008,12
2008-12-22,3279,7.5,0.0,7.1,5.9,8.2,MALMO,2008,12
2008-12-23,3280,3.2,0.15,2.8,-1.2,6.9,MALMO,2008,12
2008-12-24,3281,2.0,0.03,4.3,-1.5,6.2,MALMO,2008,12
2008-12-25,3282,1.0,0.0,-0.4,-1.7,3.3,MALMO,2008,12
2008-12-26,3283,0.2,0.0,-3.3,-5.8,-0.2,MALMO,2008,12
2008-12-27,3284,1.0,0.0,1.4,-2.9,3.1,MALMO,2008,12
2008-12-28,3285,1.0,0.0,-2.1,-3.4,1.9,MALMO,2008,12
2008-12-29,3286,0.6,0.0,-1.4,-4.7,1.1,MALMO,2008,12
2008-12-30,3287,0.9,0.0,-2.3,-4.2,0.5,MALMO,2008,12
2008-12-31,3288,0.3,0.0,-4.3,-7.9,-0.7,MALMO,2008,12
2009-01-01,3289,0.8,0.0,-3.3,-6.6,0.9,MALMO,2009,1
2009-01-02,3290,1.5,0.0,-4.7,-10.2,0.3,MALMO,2009,1
2009-01-03,3291,4.1,0.21,1.4,-2.6,3.5,MALMO,2009,1
2009-01-04,3292,2.0,0.0,-4.4,-6.5,2.6,MALMO,2009,1
2009-01-05,3293,0.8,0.0,-8.3,-10.2,-4.6,MALMO,2009,1
2009-01-06,3294,5.3,0.0,-1.1,-10.9,1.3,MALMO,2009,1
2009-01-07,3295,3.4,0.0,-0.4,-2.3,1.8,MALMO,2009,1
2009-01-08,3296,4.5,0.0,-1.5,-9.5,2.3,MALMO,2009,1
2009-01-09,3297,4.4,0.0,3.8,2.0,4.6,MALMO,2009,1
2009-01-10,3298,2.1,0.0,2.8,2.2,3.9,MALMO,2009,1
2009-01-11,3299,4.0,0.02,1.0,-0.6,2.5,MALMO,2009,1
2009-01-12,3300,4.1,0.14,3.4,2.2,3.9,MALMO,2009,1
2009-01-13,3301,3.4,0.13,3.2,2.1,3.9,MALMO,2009,1
2009-01-14,3302,1.2,0.06,3.0,2.6,3.7,MALMO,2009,1
2009-01-15,3303,1.5,0.0,0.4,-2.9,3.8,MALMO,2009,1
2009-01-16,3304,2.7,0.0,-2.6,-6.0,-0.4,MALMO,2009,1
2009-01-17,3305,5.2,0.02,0.0,-1.0,0.6,MALMO,2009,1
2009-01-18,3306,4.6,0.83,1.6,0.1,2.7,MALMO,2009,1
2009-01-19,3307,4.5,0.44,2.3,1.5,3.7,MALMO,2009,1
2009-01-20,3308,2.5,0.0,2.6,-0.4,5.0,MALMO,2009,1
2009-01-21,3309,1.2,0.0,0.9,-0.2,3.2,MALMO,2009,1
2009-01-22,3310,3.0,0.25,0.7,-0.4,2.2,MALMO,2009,1
2009-01-23,3311,7.4,0.16,1.3,0.3,2.4,MALMO,2009,1
2009-01-24,3312,2.3,0.07,2.9,2.2,3.5,MALMO,2009,1
2009-01-25,3313,1.5,0.0,2.9,1.5,3.8,MALMO,2009,1
2009-01-26,3314,1.0,0.0,1.7,1.1,2.7,MALMO,2009,1
2009-01-27,3315,1.2,0.0,0.8,-1.1,2.8,MALMO,2009,1
2009-01-28,3316,1.1,0.0,0.9,0.2,1.9,MALMO,2009,1
2009-01-29,3317,0.5,0.0,-1.3,-2.7,0.5,MALMO,2009,1
2009-01-30,3318,0.8,0.02,0.6,-2.6,1.8,MALMO,2009,1
2009-01-31,3319,2.3,0.0,0.5,-0.5,1.6,MALMO,2009,1
2009-02-01,3320,5.0,0.03,-1.2,-3.8,0.7,MALMO,2009,2
2009-02-02,3321,6.6,0.0,-0.1,-2.2,0.8,MALMO,2009,2
2009-02-03,3322,5.8,0.0,0.6,-0.2,1.1,MALMO,2009,2
2009-02-04,3323,2.3,0.22,-0.1,-0.8,0.8,MALMO,2009,2
2009-02-05,3324,2.0,0.67,1.5,0.4,2.3,MALMO,2009,2
2009-02-06,3325,1.5,0.0,3.1,0.9,4.6,MALMO,2009,2
2009-02-07,3326,2.0,0.56,2.1,0.5,3.3,MALMO,2009,2
2009-02-08,3327,3.7,0.0,2.0,0.4,3.9,MALMO,2009,2
2009-02-09,3328,2.5,0.0,0.9,0.5,1.8,MALMO,2009,2
2009-02-10,3329,4.5,0.51,1.1,0.0,3.0,MALMO,2009,2
2009-02-11,3330,3.6,0.0,0.1,-0.5,0.9,MALMO,2009,2
2009-02-12,3331,3.6,0.0,-0.7,-1.5,0.5,MALMO,2009,2
2009-02-13,3332,0.9,0.0,-5.0,-9.1,-0.3,MALMO,2009,2
2009-02-14,3333,2.2,0.0,-3.3,-8.5,1.1,MALMO,2009,2
2009-02-15,3334,0.9,0.03,-0.9,-5.1,1.8,MALMO,2009,2
2009-02-16,3335,1.3,0.09,-1.3,-2.4,0.3,MALMO,2009,2
2009-02-17,3336,0.9,0.15,-5.6,-9.6,-0.6,MALMO,2009,2
2009-02-18,3337,0.6,0.2,-7.2,-12.4,-2.6,MALMO,2009,2
2009-02-19,3338,0.8,0.14,-3.9,-5.5,-2.5,MALMO,2009,2
2009-02-20,3339,0.8,0.07,-1.4,-3.1,0.2,MALMO,2009,2
2009-02-21,3340,1.5,0.88,-0.5,-2.4,1.6,MALMO,2009,2
2009-02-22,3341,4.7,0.06,3.4,-1.1,5.7,MALMO,2009,2
2009-02-23,3342,3.3,0.0,1.9,0.7,4.4,MALMO,2009,2
2009-02-24,3343,1.5,0.0,0.7,-3.0,3.4,MALMO,2009,2
2009-02-25,3344,4.2,0.07,4.4,1.2,6.7,MALMO,2009,2
2009-02-26,3345,5.1,0.1,4.0,3.4,6.1,MALMO,2009,2
2009-02-27,3346,3.0,0.0,3.4,1.1,6.3,MALMO,2009,2
2009-02-28,3347,1.5,0.0,0.2,-2.7,4.9,MALMO,2009,2
2009-03-01,3348,4.4,0.0,2.7,0.8,4.2,MALMO,2009,3
2009-03-02,3349,3.7,0.33,3.2,2.1,4.4,MALMO,2009,3
2009-03-03,3350,2.6,0.0,4.0,2.7,6.6,MALMO,2009,3
2009-03-04,3351,5.2,0.0,3.9,2.5,5.7,MALMO,2009,3
2009-03-05,3352,5.4,0.0,4.5,3.6,6.3,MALMO,2009,3
2009-03-06,3353,5.0,0.0,2.9,2.2,4.1,MALMO,2009,3
2009-03-07,3354,1.0,0.0,2.7,1.8,3.6,MALMO,2009,3
2009-03-08,3355,2.3,0.4,2.9,0.9,5.0,MALMO,2009,3
2009-03-09,3356,1.9,0.11,2.5,-1.8,5.9,MALMO,2009,3
2009-03-10,3357,1.6,0.09,3.9,1.6,6.9,MALMO,2009,3
2009-03-11,3358,2.7,0.04,3.4,1.0,5.4,MALMO,2009,3
2009-03-12,3359,2.8,0.85,-1.1,-5.6,2.9,MALMO,2009,3
2009-03-13,3360,1.2,0.03,2.8,0.3,4.8,MALMO,2009,3
2009-03-14,3361,1.5,0.27,4.6,1.3,8.4,MALMO,2009,3
2009-03-15,3362,2.1,0.01,5.6,4.7,7.3,MALMO,2009,3
2009-03-16,3363,2.4,0.28,4.4,1.6,6.2,MALMO,2009,3
2009-03-17,3364,6.5,0.0,6.4,4.9,8.6,MALMO,2009,3
2009-03-18,3365,3.8,0.0,5.9,3.3,9.4,MALMO,2009,3
2009-03-19,3366,1.5,0.0,3.4,-2.2,9.5,MALMO,2009,3
2009-03-20,3367,1.2,0.0,1.0,-4.8,5.6,MALMO,2009,3
2009-03-21,3368,4.0,0.0,3.1,1.2,4.6,MALMO,2009,3
2009-03-22,3369,4.5,0.05,5.3,3.9,7.0,MALMO,2009,3
2009-03-23,3370,4.5,0.03,4.1,3.3,6.8,MALMO,2009,3
2009-03-24,3371,3.4,0.0,0.5,-2.0,3.7,MALMO,2009,3
2009-03-25,3372,2.4,0.0,-2.1,-7.8,1.5,MALMO,2009,3
2009-03-26,3373,4.1,1.04,-0.1,-7.0,4.6,MALMO,2009,3
2009-03-27,3374,4.2,0.02,4.8,1.3,8.4,MALMO,2009,3
2009-03-28,3375,3.0,0.0,5.4,3.2,8.7,MALMO,2009,3
2009-03-29,3376,1.4,0.0,5.6,2.9,10.7,MALMO,2009,3
2009-03-30,3377,2.0,0.0,3.5,-0.1,7.7,MALMO,2009,3
2009-03-31,3378,3.7,0.0,7.6,3.4,11.5,MALMO,2009,3
2009-04-01,3379,1.1,0.0,7.1,5.0,11.3,MALMO,2009,4
2009-04-02,3380,1.5,0.0,5.8,-1.0,12.4,MALMO,2009,4
2009-04-03,3381,1.0,0.0,6.8,-2.9,15.6,MALMO,2009,4
2009-04-04,3382,1.5,0.0,8.2,-1.7,17.9,MALMO,2009,4
2009-04-05,3383,3.1,0.0,8.5,7.2,11.9,MALMO,2009,4
2009-04-06,3384,1.1,0.0,7.0,-0.2,12.5,MALMO,2009,4
2009-04-07,3385,5.0,0.42,9.6,3.7,15.3,MALMO,2009,4
2009-04-08,3386,2.2,0.48,9.2,5.8,13.6,MALMO,2009,4
2009-04-09,3387,1.8,0.0,10.2,7.0,14.6,MALMO,2009,4
2009-04-10,3388,3.2,0.0,8.9,1.6,14.3,MALMO,2009,4
2009-04-11,3389,4.6,0.0,9.9,6.2,15.3,MALMO,2009,4
2009-04-12,3390,2.6,0.0,8.8,3.1,14.9,MALMO,2009,4
2009-04-13,3391,2.2,0.0,9.1,1.7,15.1,MALMO,2009,4
2009-04-14,3392,1.9,0.0,10.7,3.6,16.5,MALMO,2009,4
2009-04-15,3393,5.5,0.0,9.8,5.6,15.0,MALMO,2009,4
2009-04-16,3394,5.8,0.0,7.7,3.7,13.1,MALMO,2009,4
2009-04-17,3395,3.1,0.0,8.2,1.4,14.3,MALMO,2009,4
2009-04-18,3396,2.8,0.0,7.7,-0.3,14.7,MALMO,2009,4
2009-04-19,3397,1.9,0.0,5.5,0.7,10.5,MALMO,2009,4
2009-04-20,3398,1.4,0.0,8.7,-1.0,15.6,MALMO,2009,4
2009-04-21,3399,3.0,0.0,7.7,3.6,12.2,MALMO,2009,4
2009-04-22,3400,0.9,0.02,7.7,-0.7,13.8,MALMO,2009,4
2009-04-23,3401,1.3,0.0,9.0,0.3,16.3,MALMO,2009,4
2009-04-24,3402,0.9,0.0,11.1,1.5,17.7,MALMO,2009,4
2009-04-25,3403,4.6,0.0,11.2,1.6,17.2,MALMO,2009,4
2009-04-26,3404,3.0,0.0,15.7,10.7,21.0,MALMO,2009,4
2009-04-27,3405,2.6,0.06,15.2,10.6,20.6,MALMO,2009,4
2009-04-28,3406,2.9,0.0,15.2,10.2,21.7,MALMO,2009,4
2009-04-29,3407,2.8,0.0,16.7,10.9,22.3,MALMO,2009,4
2009-04-30,3408,3.3,0.0,14.5,8.2,21.2,MALMO,2009,4
2009-05-01,3409,2.6,0.0,10.4,3.6,17.5,MALMO,2009,5
2009-05-02,3410,1.5,0.0,9.3,-1.2,16.9,MALMO,2009,5
2009-05-03,3411,1.8,0.22,11.6,6.3,17.1,MALMO,2009,5
2009-05-04,3412,4.6,0.24,10.5,7.6,14.6,MALMO,2009,5
2009-05-05,3413,3.6,1.04,9.7,7.4,13.9,MALMO,2009,5
2009-05-06,3414,5.8,0.17,9.7,7.9,13.0,MALMO,2009,5
2009-05-07,3415,4.5,0.05,10.8,6.9,15.9,MALMO,2009,5
2009-05-08,3416,3.5,0.28,12.5,6.7,18.0,MALMO,2009,5
2009-05-09,3417,3.2,0.0,11.9,6.6,16.3,MALMO,2009,5
2009-05-10,3418,3.0,0.0,12.9,6.8,17.6,MALMO,2009,5
2009-05-11,3419,2.8,0.0,10.7,7.7,14.7,MALMO,2009,5
2009-05-12,3420,2.2,0.0,10.8,3.4,16.6,MALMO,2009,5
2009-05-13,3421,0.9,0.01,9.2,2.3,16.6,MALMO,2009,5
2009-05-14,3422,1.2,0.0,9.2,1.0,15.8,MALMO,2009,5
2009-05-15,3423,2.8,0.0,9.8,2.8,15.2,MALMO,2009,5
2009-05-16,3424,2.6,0.27,7.7,4.0,11.7,MALMO,2009,5
2009-05-17,3425,3.7,0.09,9.4,2.5,14.4,MALMO,2009,5
2009-05-18,3426,1.7,0.19,14.3,9.7,19.7,MALMO,2009,5
2009-05-19,3427,1.4,0.53,14.2,6.9,20.0,MALMO,2009,5
2009-05-20,3428,2.1,0.0,15.1,10.9,19.0,MALMO,2009,5
2009-05-21,3429,1.5,0.76,14.2,7.9,19.5,MALMO,2009,5
2009-05-22,3430,4.0,0.4,12.1,10.4,17.0,MALMO,2009,5
2009-05-23,3431,3.6,0.0,12.7,8.5,17.0,MALMO,2009,5
2009-05-24,3432,0.8,0.15,13.0,10.3,17.1,MALMO,2009,5
2009-05-25,3433,2.0,0.0,12.9,6.6,18.7,MALMO,2009,5
2009-05-26,3434,3.8,0.81,15.7,7.4,22.0,MALMO,2009,5
2009-05-27,3435,5.1,0.22,13.9,11.5,19.2,MALMO,2009,5
2009-05-28,3436,6.4,0.01,13.4,10.5,15.9,MALMO,2009,5
2009-05-29,3437,2.2,0.0,14.2,9.6,18.4,MALMO,2009,5
2009-05-30,3438,3.1,0.0,15.0,7.0,22.5,MALMO,2009,5
2009-05-31,3439,1.8,0.0,18.2,9.7,25.3,MALMO,2009,5
2009-06-01,3440,2.2,0.0,18.0,6.9,25.8,MALMO,2009,6
2009-06-02,3441,3.0,0.0,16.5,9.4,23.4,MALMO,2009,6
2009-06-03,3442,5.2,0.1,12.7,9.4,16.7,MALMO,2009,6
2009-06-04,3443,3.5,0.81,10.7,6.3,16.2,MALMO,2009,6
2009-06-05,3444,2.7,0.0,9.8,5.7,14.5,MALMO,2009,6
2009-06-06,3445,2.2,0.0,8.6,2.6,13.8,MALMO,2009,6
2009-06-07,3446,2.5,0.31,10.0,5.8,14.9,MALMO,2009,6
2009-06-08,3447,1.5,0.0,10.1,4.4,14.8,MALMO,2009,6
2009-06-09,3448,4.0,0.27,10.3,4.0,16.3,MALMO,2009,6
2009-06-10,3449,3.0,0.0,13.7,10.1,17.0,MALMO,2009,6
2009-06-11,3450,2.0,2.3,13.6,9.9,18.0,MALMO,2009,6
2009-06-12,3451,7.5,2.2,10.9,9.5,14.0,MALMO,2009,6
2009-06-13,3452,6.2,0.0,14.4,11.8,18.4,MALMO,2009,6
2009-06-14,3453,5.0,0.0,14.3,9.6,18.4,MALMO,2009,6
2009-06-15,3454,4.2,0.0,13.8,10.0,18.0,MALMO,2009,6
2009-06-16,3455,3.8,0.0,12.7,9.2,16.1,MALMO,2009,6
2009-06-17,3456,2.5,0.06,13.4,10.5,17.4,MALMO,2009,6
2009-06-18,3457,4.4,0.0,15.2,11.9,19.3,MALMO,2009,6
2009-06-19,3458,3.7,0.0,13.6,11.7,17.5,MALMO,2009,6
2009-06-20,3459,4.1,0.0,14.8,11.9,18.9,MALMO,2009,6
2009-06-21,3460,0.7,0.0,14.3,7.8,19.6,MALMO,2009,6
2009-06-22,3461,1.0,0.0,14.8,6.4,21.9,MALMO,2009,6
2009-06-23,3462,2.4,0.0,17.0,9.0,23.2,MALMO,2009,6
2009-06-24,3463,2.2,0.0,17.9,7.7,25.5,MALMO,2009,6
2009-06-25,3464,4.2,0.0,18.6,11.8,25.3,MALMO,2009,6
2009-06-26,3465,4.7,0.0,18.2,14.4,22.7,MALMO,2009,6
2009-06-27,3466,2.5,0.0,18.1,10.2,24.3,MALMO,2009,6
2009-06-28,3467,2.2,0.0,18.3,10.7,24.8,MALMO,2009,6
2009-06-29,3468,1.7,0.0,18.7,12.1,24.1,MALMO,2009,6
2009-06-30,3469,0.9,0.0,20.3,12.4,27.4,MALMO,2009,6
2009-07-01,3470,1.5,0.0,22.2,14.7,27.9,MALMO,2009,7
2009-07-02,3471,1.4,0.0,22.9,16.5,29.0,MALMO,2009,7
2009-07-03,3472,0.8,0.0,22.5,16.3,27.8,MALMO,2009,7
2009-07-04,3473,1.7,0.0,23.0,14.7,28.4,MALMO,2009,7
2009-07-05,3474,2.2,0.0,20.4,18.4,26.5,MALMO,2009,7
2009-07-06,3475,2.6,0.0,20.1,15.5,25.0,MALMO,2009,7
2009-07-07,3476,2.2,0.12,19.8,16.7,23.2,MALMO,2009,7
2009-07-08,3477,2.4,0.0,18.1,13.1,22.5,MALMO,2009,7
2009-07-09,3478,5.4,0.0,17.5,14.8,21.0,MALMO,2009,7
2009-07-10,3479,2.5,0.96,14.7,12.5,18.3,MALMO,2009,7
2009-07-11,3480,3.0,0.0,16.3,13.3,20.4,MALMO,2009,7
2009-07-12,3481,2.0,0.5,16.0,12.7,20.3,MALMO,2009,7
2009-07-13,3482,2.5,0.0,18.6,14.8,22.6,MALMO,2009,7
2009-07-14,3483,1.1,0.0,20.2,14.4,25.7,MALMO,2009,7
2009-07-15,3484,1.8,0.0,19.9,13.6,25.7,MALMO,2009,7
2009-07-16,3485,1.8,0.0,20.5,13.5,25.1,MALMO,2009,7
2009-07-17,3486,3.5,0.35,19.7,12.0,25.7,MALMO,2009,7
2009-07-18,3487,2.8,0.19,19.1,16.6,23.6,MALMO,2009,7
2009-07-19,3488,2.8,0.01,17.4,16.3,20.9,MALMO,2009,7
2009-07-20,3489,3.6,0.57,16.1,14.3,20.1,MALMO,2009,7
2009-07-21,3490,4.4,0.0,18.4,14.4,22.6,MALMO,2009,7
2009-07-22,3491,1.5,0.14,17.6,11.2,23.0,MALMO,2009,7
2009-07-23,3492,3.0,0.19,19.9,16.6,24.9,MALMO,2009,7
2009-07-24,3493,3.0,0.04,18.0,15.5,22.1,MALMO,2009,7
2009-07-25,3494,3.2,0.03,17.3,14.3,20.7,MALMO,2009,7
2009-07-26,3495,4.1,0.0,17.5,14.8,21.3,MALMO,2009,7
2009-07-27,3496,2.1,0.11,20.0,15.4,25.0,MALMO,2009,7
2009-07-28,3497,2.8,0.0,18.6,15.7,23.5,MALMO,2009,7
2009-07-29,3498,2.0,0.0,18.7,11.8,24.1,MALMO,2009,7
2009-07-30,3499,4.4,0.01,19.8,17.5,22.8,MALMO,2009,7
2009-07-31,3500,4.0,0.0,17.4,12.6,22.3,MALMO,2009,7
2009-08-01,3501,1.6,0.0,16.7,9.7,22.4,MALMO,2009,8
2009-08-02,3502,3.6,0.05,20.8,15.5,27.5,MALMO,2009,8
2009-08-03,3503,1.6,2.9,17.8,17.0,20.7,MALMO,2009,8
2009-08-04,3504,0.8,0.0,19.1,15.4,24.5,MALMO,2009,8
2009-08-05,3505,1.2,0.0,20.3,12.2,25.8,MALMO,2009,8
2009-08-06,3506,0.8,0.0,19.3,12.9,25.6,MALMO,2009,8
2009-08-07,3507,2.6,0.0,20.3,13.5,26.0,MALMO,2009,8
2009-08-08,3508,3.5,0.0,21.0,14.6,26.9,MALMO,2009,8
2009-08-09,3509,2.8,0.0,21.7,15.6,28.0,MALMO,2009,8
2009-08-10,3510,2.3,0.74,21.0,17.1,26.2,MALMO,2009,8
2009-08-11,3511,3.0,0.0,18.8,16.2,22.1,MALMO,2009,8
2009-08-12,3512,4.0,0.34,16.9,15.0,21.4,MALMO,2009,8
2009-08-13,3513,4.4,0.21,17.4,14.3,21.0,MALMO,2009,8
2009-08-14,3514,3.3,0.04,16.6,13.0,20.5,MALMO,2009,8
2009-08-15,3515,1.5,0.25,17.0,13.3,22.5,MALMO,2009,8
2009-08-16,3516,4.4,0.0,19.8,17.0,23.4,MALMO,2009,8
2009-08-17,3517,3.8,0.24,17.6,16.0,20.7,MALMO,2009,8
2009-08-18,3518,4.5,0.0,16.2,13.7,19.7,MALMO,2009,8
2009-08-19,3519,1.7,0.0,16.3,9.4,21.6,MALMO,2009,8
2009-08-20,3520,5.6,0.2,20.1,14.0,25.2,MALMO,2009,8
2009-08-21,3521,1.2,0.0,19.3,17.5,23.0,MALMO,2009,8
2009-08-22,3522,1.6,0.0,17.2,12.2,22.1,MALMO,2009,8
2009-08-23,3523,1.3,0.0,15.9,8.7,21.5,MALMO,2009,8
2009-08-24,3524,3.9,0.0,18.6,14.0,23.5,MALMO,2009,8
2009-08-25,3525,3.1,0.05,19.4,15.3,23.5,MALMO,2009,8
2009-08-26,3526,2.1,0.0,18.0,15.4,21.5,MALMO,2009,8
2009-08-27,3527,1.5,0.0,20.1,14.7,25.4,MALMO,2009,8
2009-08-28,3528,2.2,0.11,19.1,16.2,24.1,MALMO,2009,8
2009-08-29,3529,4.0,0.0,16.0,13.0,19.4,MALMO,2009,8
2009-08-30,3530,4.0,0.0,15.8,13.3,19.1,MALMO,2009,8
2009-08-31,3531,2.0,0.0,16.5,13.2,20.1,MALMO,2009,8
2009-09-01,3532,3.1,0.12,20.7,15.9,25.2,MALMO,2009,9
2009-09-02,3533,2.2,0.0,17.4,15.5,21.4,MALMO,2009,9
2009-09-03,3534,3.2,0.56,15.8,13.2,18.9,MALMO,2009,9
2009-09-04,3535,4.0,0.0,15.8,13.2,18.2,MALMO,2009,9
2009-09-05,3536,5.2,0.4,15.1,13.5,17.5,MALMO,2009,9
2009-09-06,3537,4.1,0.0,15.9,12.3,20.0,MALMO,2009,9
2009-09-07,3538,2.3,0.0,16.6,14.1,20.1,MALMO,2009,9
2009-09-08,3539,1.8,0.0,18.6,14.7,23.2,MALMO,2009,9
2009-09-09,3540,2.2,0.56,19.2,16.4,23.5,MALMO,2009,9
2009-09-10,3541,2.0,0.0,16.6,14.1,19.9,MALMO,2009,9
2009-09-11,3542,0.6,0.0,14.0,7.4,20.8,MALMO,2009,9
2009-09-12,3543,2.0,0.13,13.6,7.5,19.1,MALMO,2009,9
2009-09-13,3544,2.4,0.06,14.2,11.9,16.4,MALMO,2009,9
2009-09-14,3545,3.1,0.0,14.5,11.8,19.3,MALMO,2009,9
2009-09-15,3546,1.7,0.0,13.3,7.9,19.2,MALMO,2009,9
2009-09-16,3547,1.5,0.0,12.7,5.0,19.4,MALMO,2009,9
2009-09-17,3548,0.6,0.0,12.0,5.7,18.6,MALMO,2009,9
2009-09-18,3549,0.4,0.0,11.7,3.0,19.9,MALMO,2009,9
2009-09-19,3550,2.3,0.0,14.0,4.8,20.5,MALMO,2009,9
2009-09-20,3551,1.8,0.0,16.6,10.4,22.3,MALMO,2009,9
2009-09-21,3552,3.0,0.0,14.1,11.4,17.6,MALMO,2009,9
2009-09-22,3553,4.0,0.0,16.5,13.9,19.4,MALMO,2009,9
2009-09-23,3554,5.3,0.0,15.8,14.4,18.5,MALMO,2009,9
2009-09-24,3555,4.7,0.22,14.8,12.0,18.4,MALMO,2009,9
2009-09-25,3556,3.2,0.0,15.0,11.9,18.6,MALMO,2009,9
2009-09-26,3557,3.0,0.0,15.2,13.4,16.8,MALMO,2009,9
2009-09-27,3558,3.1,0.06,15.1,13.8,16.0,MALMO,2009,9
2009-09-28,3559,5.6,0.08,14.6,12.9,17.8,MALMO,2009,9
2009-09-29,3560,4.1,0.0,11.5,10.0,15.1,MALMO,2009,9
2009-09-30,3561,3.0,0.0,9.7,4.0,14.4,MALMO,2009,9
2009-10-01,3562,4.6,0.02,10.1,7.7,13.4,MALMO,2009,10
2009-10-02,3563,2.1,1.08,8.4,1.4,12.8,MALMO,2009,10
2009-10-03,3564,4.0,0.6,10.7,3.4,13.4,MALMO,2009,10
2009-10-04,3565,8.2,0.02,11.5,9.0,13.5,MALMO,2009,10
2009-10-05,3566,3.8,0.0,10.7,8.6,13.4,MALMO,2009,10
2009-10-06,3567,3.0,0.16,10.5,5.3,14.8,MALMO,2009,10
2009-10-07,3568,3.4,0.54,13.2,10.5,15.4,MALMO,2009,10
2009-10-08,3569,3.4,0.06,9.0,4.8,13.0,MALMO,2009,10
2009-10-09,3570,2.8,0.03,8.3,4.9,12.6,MALMO,2009,10
2009-10-10,3571,2.8,0.06,8.4,2.8,12.1,MALMO,2009,10
2009-10-11,3572,2.2,0.13,7.6,6.9,8.8,MALMO,2009,10
2009-10-12,3573,2.2,0.0,5.9,4.6,9.2,MALMO,2009,10
2009-10-13,3574,2.3,0.0,4.3,1.9,9.0,MALMO,2009,10
2009-10-14,3575,2.8,0.0,3.2,-0.7,8.1,MALMO,2009,10
2009-10-15,3576,1.6,0.0,3.3,-1.2,7.3,MALMO,2009,10
2009-10-16,3577,1.8,0.12,2.8,-2.8,5.7,MALMO,2009,10
2009-10-17,3578,2.2,0.0,6.2,3.6,10.3,MALMO,2009,10
2009-10-18,3579,1.1,0.0,2.9,0.0,9.0,MALMO,2009,10
2009-10-19,3580,2.5,0.0,7.7,1.1,10.4,MALMO,2009,10
2009-10-20,3581,1.4,0.0,7.0,3.4,11.3,MALMO,2009,10
2009-10-21,3582,2.5,0.01,5.6,0.6,10.5,MALMO,2009,10
2009-10-22,3583,2.9,0.0,7.9,2.8,9.5,MALMO,2009,10
2009-10-23,3584,2.2,0.15,6.8,4.0,8.9,MALMO,2009,10
2009-10-24,3585,2.2,0.33,7.6,6.9,8.8,MALMO,2009,10
2009-10-25,3586,2.8,0.24,9.3,7.3,11.4,MALMO,2009,10
2009-10-26,3587,1.6,1.6,10.5,9.6,11.5,MALMO,2009,10
2009-10-27,3588,2.3,0.0,9.0,7.8,10.9,MALMO,2009,10
2009-10-28,3589,0.4,0.51,6.1,2.6,8.6,MALMO,2009,10
2009-10-29,3590,2.0,0.0,4.5,1.5,8.4,MALMO,2009,10
2009-10-30,3591,1.0,0.0,3.8,-0.3,8.3,MALMO,2009,10
2009-10-31,3592,1.7,0.0,4.1,0.3,7.8,MALMO,2009,10
2009-11-01,3593,5.2,0.0,5.7,4.7,6.3,MALMO,2009,11
2009-11-02,3594,4.7,1.41,5.4,4.6,6.4,MALMO,2009,11
2009-11-03,3595,5.0,0.0,5.6,5.2,6.5,MALMO,2009,11
2009-11-04,3596,6.8,0.49,2.1,1.0,5.5,MALMO,2009,11
2009-11-05,3597,1.4,0.16,4.2,0.6,6.8,MALMO,2009,11
2009-11-06,3598,2.3,0.06,7.8,6.0,8.7,MALMO,2009,11
2009-11-07,3599,4.4,0.0,7.1,6.3,8.9,MALMO,2009,11
2009-11-08,3600,3.9,0.02,6.4,5.8,7.2,MALMO,2009,11
2009-11-09,3601,4.5,1.3,5.2,4.8,6.9,MALMO,2009,11
2009-11-10,3602,2.6,0.15,6.0,4.8,6.8,MALMO,2009,11
2009-11-11,3603,2.3,0.18,5.4,4.9,6.4,MALMO,2009,11
2009-11-12,3604,1.9,0.0,3.7,2.9,5.7,MALMO,2009,11
2009-11-13,3605,4.6,1.09,5.7,1.3,7.2,MALMO,2009,11
2009-11-14,3606,3.4,0.16,10.0,7.2,11.1,MALMO,2009,11
2009-11-15,3607,1.9,0.28,8.7,7.0,10.6,MALMO,2009,11
2009-11-16,3608,2.1,0.33,8.3,4.5,9.9,MALMO,2009,11
2009-11-17,3609,2.2,0.0,8.4,7.2,9.6,MALMO,2009,11
2009-11-18,3610,7.2,0.56,8.8,7.2,9.3,MALMO,2009,11
2009-11-19,3611,3.7,0.0,9.7,7.8,11.3,MALMO,2009,11
2009-11-20,3612,3.1,0.0,9.5,6.1,11.6,MALMO,2009,11
2009-11-21,3613,2.3,0.03,8.3,6.1,11.3,MALMO,2009,11
2009-11-22,3614,3.0,0.33,9.1,5.9,10.1,MALMO,2009,11
2009-11-23,3615,5.0,0.22,8.4,7.5,9.6,MALMO,2009,11
2009-11-24,3616,4.0,0.4,8.6,7.8,10.1,MALMO,2009,11
2009-11-25,3617,3.3,0.05,10.3,7.7,11.3,MALMO,2009,11
2009-11-26,3618,4.2,0.19,8.5,7.5,10.3,MALMO,2009,11
2009-11-27,3619,3.0,0.17,6.9,5.4,8.5,MALMO,2009,11
2009-11-28,3620,3.0,0.95,6.8,5.7,8.0,MALMO,2009,11
2009-11-29,3621,1.7,0.0,7.4,5.5,8.8,MALMO,2009,11
2009-11-30,3622,0.8,0.0,6.4,5.5,8.4,MALMO,2009,11
2009-12-01,3623,1.8,0.0,2.7,-0.4,6.5,MALMO,2009,12
2009-12-02,3624,0.4,0.15,-0.9,-4.4,1.4,MALMO,2009,12
2009-12-03,3625,4.5,0.01,4.0,-0.7,6.0,MALMO,2009,12
2009-12-04,3626,4.5,0.06,5.1,4.3,5.8,MALMO,2009,12
2009-12-05,3627,3.0,0.1,4.2,3.4,5.2,MALMO,2009,12
2009-12-06,3628,4.2,0.53,4.9,3.4,5.6,MALMO,2009,12
2009-12-07,3629,1.5,0.03,6.4,5.5,7.5,MALMO,2009,12
2009-12-08,3630,1.8,0.01,5.7,3.9,7.4,MALMO,2009,12
2009-12-09,3631,0.9,0.0,4.4,-0.6,6.1,MALMO,2009,12
2009-12-10,3632,2.1,0.31,5.3,4.8,5.8,MALMO,2009,12
2009-12-11,3633,1.3,0.0,3.2,2.2,5.0,MALMO,2009,12
2009-12-12,3634,1.2,0.0,0.9,-0.8,3.2,MALMO,2009,12
2009-12-13,3635,0.6,0.0,-0.8,-3.0,0.9,MALMO,2009,12
2009-12-14,3636,0.6,0.0,-1.2,-2.0,1.0,MALMO,2009,12
2009-12-15,3637,2.5,0.58,0.7,-2.3,3.0,MALMO,2009,12
2009-12-16,3638,2.5,0.6,1.2,-0.2,3.0,MALMO,2009,12
2009-12-17,3639,3.9,0.3,-4.7,-6.2,-0.1,MALMO,2009,12
2009-12-18,3640,3.3,0.17,-3.8,-5.9,-2.6,MALMO,2009,12
2009-12-19,3641,1.8,1.29,-5.6,-7.1,-3.4,MALMO,2009,12
2009-12-20,3642,0.9,0.12,-5.1,-6.5,-3.5,MALMO,2009,12
2009-12-21,3643,0.8,0.0,-6.5,-11.0,-4.2,MALMO,2009,12
2009-12-22,3644,4.2,0.24,-1.1,-8.2,0.9,MALMO,2009,12
2009-12-23,3645,2.3,0.0,1.1,-0.4,2.1,MALMO,2009,12
2009-12-24,3646,3.7,0.02,0.9,0.4,1.7,MALMO,2009,12
2009-12-25,3647,3.1,0.6,2.7,1.1,3.7,MALMO,2009,12
2009-12-26,3648,4.5,0.06,2.5,0.9,3.3,MALMO,2009,12
2009-12-27,3649,2.5,0.03,3.7,2.8,4.5,MALMO,2009,12
2009-12-28,3650,2.7,0.1,2.3,1.1,3.9,MALMO,2009,12
2009-12-29,3651,1.5,0.0,0.2,-2.3,3.2,MALMO,2009,12
2009-12-30,3652,2.8,0.0,-1.9,-4.1,1.0,MALMO,2009,12
2009-12-31,3653,0.1,0.0,-6.1,-8.1,-3.0,MALMO,2009,12
2010-01-01,3654,1.8,0.0,-7.1,-9.9,-5.4,MALMO,2010,1
